pacojgq12;3gerardpique
dejan_tomisky;3gerardpique
dejan_tomisky;abc_deportes
norazamora96;3gerardpique
eriik_77;jpedrerol
eriik_77;casillasworld
eriik_77;3gerardpique
eriik_77;elchirincirco
ogomez02;jpedrerol
ogomez02;casillasworld
ogomez02;3gerardpique
ogomez02;elchirincirco
nestor_in49;jpedrerol
nestor_in49;casillasworld
nestor_in49;3gerardpique
nestor_in49;elchirincirco
peronatvicen;3gerardpique
peronatvicen;3gerardpique
rocioacostapare;3gerardpique
rocioacostapare;abc_deportes
adrileis15;jpedrerol
adrileis15;casillasworld
adrileis15;3gerardpique
adrileis15;elchirincirco
agpoy;3gerardpique
ruben10___;casillasworld
ruben10___;3gerardpique
ruben10___;vpalacios__
edwin95100;3gerardpique
javisjs;3gerardpique
javisjs;casillasworld
javisjs;deporteslasexta
12a661b46e7b4a6;3gerardpique
12a661b46e7b4a6;casillasworld
12a661b46e7b4a6;3gerardpique
12a661b46e7b4a6;3gerardpique
diego_ld;3gerardpique
placi_messi10;3gerardpique
nacho_zaragoza;3gerardpique
josemiguel8937;jpedrerol
josemiguel8937;casillasworld
josemiguel8937;3gerardpique
josemiguel8937;elchirincirco
nacho_guti_;3gerardpique
jennyisboring;jpedrerol
jennyisboring;casillasworld
jennyisboring;3gerardpique
jennyisboring;elchirincirco
montoya10vw;3gerardpique
montoya10vw;abc_deportes
unoporaqui;3gerardpique
unoporaqui;abc_deportes
borjaroig;3gerardpique
adriancachago;3gerardpique
gossipfootball_;3gerardpique
samuelflores77;3gerardpique
marcosonline86;3gerardpique
marcosonline86;casillasworld
marcosonline86;3gerardpique
seergiopaavon;3gerardpique
triana_s;3gerardpique
albertocasilari;3gerardpique
albertocasilari;casillasworld
albertocasilari;3gerardpique
anabeat18104879;3gerardpique
sebbastou;3gerardpique
maaskoyorker;3gerardpique
dikra_ah;3gerardpique
manuclemente_7;jpedrerol
manuclemente_7;casillasworld
manuclemente_7;3gerardpique
manuclemente_7;elchirincirco
reeguti;jpedrerol
reeguti;casillasworld
reeguti;3gerardpique
reeguti;elchirincirco
dani_omr;3gerardpique
__gru_;jpedrerol
__gru_;casillasworld
__gru_;3gerardpique
__gru_;elchirincirco
nintensd;3gerardpique
kbfcb1899;3gerardpique
wayyoff;jpedrerol
wayyoff;casillasworld
wayyoff;3gerardpique
wayyoff;elchirincirco
chicharrerofcb;3gerardpique
chicharrerofcb;hoyendeportes4
ikerperlavita;3gerardpique
velasmv;3gerardpique
velasmv;abc_deportes
ya_leana;3gerardpique
javimieres10;3gerardpique
cesar10martin;3gerardpique
luciarmachado_;3gerardpique
mariaagtrrz;3gerardpique
llobet7;3gerardpique
riveraamaro_08;3gerardpique
juanjo40797829;3gerardpique
atr_96;jpedrerol
atr_96;casillasworld
atr_96;3gerardpique
atr_96;elchirincirco
gallartg;3gerardpique
adrianzgz2;3gerardpique
javimontero1979;3gerardpique
abhishek1025;3gerardpique
abhishek1025;casillasworld
abhishek1025;barcastuff
marcosdelgadod;3gerardpique
itorafo;3gerardpique
clau_pirata;3gerardpique
mohaagustin;3gerardpique
mohaagustin;3gerardpique
verainiesta;jpedrerol
verainiesta;casillasworld
verainiesta;3gerardpique
verainiesta;elchirincirco
ignaciocorrea3;3gerardpique
florentimoperre;jpedrerol
florentimoperre;casillasworld
florentimoperre;3gerardpique
florentimoperre;elchirincirco
aurelienayew;3gerardpique
aitanacapde;casillasworld
aitanacapde;3gerardpique
aitanacapde;juanmacastano
jorgezarco97;casillasworld
jorgezarco97;3gerardpique
jorgezarco97;juanmacastano
baertra15_;casillasworld
baertra15_;3gerardpique
pablofer_22;3gerardpique
danielsson16;3gerardpique
jomifuso;3gerardpique
juliarrufat11;jpedrerol
juliarrufat11;casillasworld
juliarrufat11;3gerardpique
juliarrufat11;elchirincirco
coverdale_79;3gerardpique
dsanchis98;jpedrerol
dsanchis98;casillasworld
dsanchis98;3gerardpique
dsanchis98;elchirincirco
wanwahn_kw23;3gerardpique
carlosjaviergn;casillasworld
carlosjaviergn;3gerardpique
hussien3400;3gerardpique
miguelbersieres;3gerardpique
marcboersecapit;3gerardpique
marcboersecapit;casillasworld
marcboersecapit;deporteslasexta
ciriloedu93;jpedrerol
ciriloedu93;casillasworld
ciriloedu93;3gerardpique
ciriloedu93;elchirincirco
cokenogueras;3gerardpique
larraldee;3gerardpique
antoniomcf11;3gerardpique
leire_105;3gerardpique
rafaelsistiaga;3gerardpique
rafaelsistiaga;casillasworld
rafaelsistiaga;3gerardpique
rafaelsistiaga;3gerardpique
34mreyes;3gerardpique
yeisson180;3gerardpique
alvar0romer0;jpedrerol
alvar0romer0;casillasworld
alvar0romer0;3gerardpique
alvar0romer0;elchirincirco
alvaro25_chopo;3gerardpique
pique_3candy;3gerardpique
millanruiz;3gerardpique
millanruiz;abc_deportes
ristocracia_8;3gerardpique
fdlha11;3gerardpique
vilela_98;3gerardpique
vilela_98;abc_deportes
garciachris7;3gerardpique
chrasu;3gerardpique
javialogut;3gerardpique
javialogut;casillasworld
javialogut;3gerardpique
javialogut;juanmacastano
valenvpicazo;3gerardpique
angel1y2;3gerardpique
angel1y2;3gerardpique
ludwinrosales01;3gerardpique
oxandre_;3gerardpique
sergiobastidap5;3gerardpique
sergiobastidap5;casillasworld
sergiobastidap5;deporteslasexta
albertukel;3gerardpique
celeselputoamo;jpedrerol
celeselputoamo;casillasworld
celeselputoamo;3gerardpique
celeselputoamo;elchirincirco
arturobasqket15;casillasworld
arturobasqket15;3gerardpique
pedrobets;3gerardpique
josemanuel_tini;3gerardpique
barcmsn;3gerardpique
barcmsn;casillasworld
barcmsn;3gerardpique
elaauram;3gerardpique
sa_toledo;3gerardpique
borja_1991;sergioramos
borja_1991;casillasworld
borja_1991;3gerardpique
dacrualo;jpedrerol
dacrualo;casillasworld
dacrualo;3gerardpique
dacrualo;elchirincirco
pgonzare;3gerardpique
torriuus;3gerardpique
f2f294;3gerardpique
aitorujo;3gerardpique
jonathan_hg91;3gerardpique
brendaplascenc1;3gerardpique
josep_llorach;casillasworld
josep_llorach;3gerardpique
josep_llorach;juanmacastano
elaficionadofcb;3gerardpique
srtocarlos;3gerardpique
ar8907;3gerardpique
ar8907;abc_deportes
abelglez_ka;casillasworld
abelglez_ka;3gerardpique
or738_o;3gerardpique
or738_o;casillasworld
or738_o;deporteslasexta
pjcamachoamado;3gerardpique
jaidel74;sefutbol
jaidel74;3gerardpique
jaidel74;casillasworld
jaidel74;sientelaroja
jorgel_sg;casillasworld
jorgel_sg;3gerardpique
mazzy_0;3gerardpique
originalazee;3gerardpique
borja_marin;casillasworld
borja_marin;3gerardpique
borja_marin;juanmacastano
mercanba14;3gerardpique
emmanuelmijares;casillasworld
emmanuelmijares;3gerardpique
cristianrm99;3gerardpique
manu_j76;3gerardpique
tupadregdl;3gerardpique
srjosue1;3gerardpique
srjosue1;casillasworld
srjosue1;deporteslasexta
afernaba;3gerardpique
afernaba;hoyendeportes4
tobasx;3gerardpique
paola_abregu30;3gerardpique
paola_abregu30;naciodigital
davidisla32;jpedrerol
davidisla32;casillasworld
davidisla32;3gerardpique
davidisla32;elchirincirco
nllansol;3gerardpique
juliomuriel;jpedrerol
juliomuriel;casillasworld
juliomuriel;3gerardpique
juliomuriel;elchirincirco
nachoabela;3gerardpique
nachoabela;3gerardpique
noemie4599;casillasworld
noemie4599;3gerardpique
noemie4599;3gerardpique
noemie4599;3gerardpique
yoghurtu;3gerardpique
yoghurtu;hoyendeportes4
jjbrotons;sefutbol
jjbrotons;3gerardpique
jjbrotons;casillasworld
jjbrotons;sientelaroja
elasaso99;3gerardpique
luiskick15;3gerardpique
kikeacedo;3gerardpique
miguel11_26;3gerardpique
lucas10rivera;3gerardpique
f_orue92;3gerardpique
urais_91;3gerardpique
urais_91;casillasworld
urais_91;3gerardpique
urais_91;3gerardpique
cristhianbs18;3gerardpique
cristhianbs18;hoyendeportes4
fespinosa10;3gerardpique
98adrin;3gerardpique
98adrin;siempredelrmcf
futbolalraso3;sefutbol
futbolalraso3;3gerardpique
futbolalraso3;casillasworld
futbolalraso3;sientelaroja
mpuiges_mani;3gerardpique
ysks810303;ultrachapu
ysks810303;3gerardpique
vivip91897179;3gerardpique
vivip91897179;casillasworld
vivip91897179;3gerardpique
vivip91897179;3gerardpique
kylefbandong;3gerardpique
kylefbandong;barcastuff
rogi_08;3gerardpique
fer8pucela;3gerardpique
manuviso;3gerardpique
abnerpaul20;3gerardpique
e_reinaldo11;3gerardpique
lolitocg10;3gerardpique
castanito9;3gerardpique
velozky;3gerardpique
javierelola;3gerardpique
josecarlos_sevi;jpedrerol
josecarlos_sevi;casillasworld
josecarlos_sevi;3gerardpique
josecarlos_sevi;elchirincirco
davidgargallo2;3gerardpique
jowell_17;3gerardpique
juanma14win;casillasworld
juanma14win;3gerardpique
pablocarcap7;3gerardpique
pablocarcap7;kiee10
fikostyle;jpedrerol
fikostyle;casillasworld
fikostyle;3gerardpique
fikostyle;elchirincirco
manueltomeglez;jpedrerol
manueltomeglez;casillasworld
manueltomeglez;3gerardpique
manueltomeglez;elchirincirco
bysevi14;jpedrerol
bysevi14;casillasworld
bysevi14;3gerardpique
bysevi14;elchirincirco
rodrigotrujill9;3gerardpique
sandrad10s;jpedrerol
sandrad10s;casillasworld
sandrad10s;3gerardpique
sandrad10s;elchirincirco
paquitob4;3gerardpique
morenilla_dlf;3gerardpique
electricsanchez;3gerardpique
avidalribera;3gerardpique
avidalribera;naciodigital
adrisanalo;casillasworld
adrisanalo;3gerardpique
adrisanalo;elchirincirco
adrisanalo;casillasworld
adrisanalo;3gerardpique
adrisanalo;3gerardpique
zajac_ewelina;3gerardpique
perecompte2;3gerardpique
lorenavegah;casillasworld
lorenavegah;3gerardpique
rubeenperez12;3gerardpique
abra_ocampo;3gerardpique
marymateos06;jpedrerol
marymateos06;casillasworld
marymateos06;3gerardpique
marymateos06;elchirincirco
gemihenu;threelittlebs
gemihenu;3gerardpique
_fcbryan10;jpedrerol
_fcbryan10;casillasworld
_fcbryan10;3gerardpique
_fcbryan10;elchirincirco
_fcbryan10;3gerardpique
_fcbryan10;3gerardpique
emilopez12;3gerardpique
riubenzerep;casillasworld
riubenzerep;3gerardpique
riubenzerep;juanmacastano
pereari;3gerardpique
nachogtii;jpedrerol
nachogtii;casillasworld
nachogtii;3gerardpique
nachogtii;elchirincirco
mayrarossell;3gerardpique
javimolinuevo9;3gerardpique
andrewherrera_;jpedrerol
andrewherrera_;casillasworld
andrewherrera_;3gerardpique
andrewherrera_;elchirincirco
clydeblaugrana;3gerardpique
clydeblaugrana;3gerardpique
clydeblaugrana;3gerardpique
clydeblaugrana;3gerardpique
clydeblaugrana;3gerardpique
clydeblaugrana;3gerardpique
danete14;3gerardpique
danete14;abc_deportes
cribas8;3gerardpique
jcgonzalez14;3gerardpique
c4rlosalbert0;casillasworld
c4rlosalbert0;3gerardpique
3hosmelbayon;3gerardpique
jonhymenfado;3gerardpique
mendycecilia;3gerardpique
mendycecilia;3gerardpique
nelson_chitengu;3gerardpique
nelson_chitengu;casillasworld
nelson_chitengu;barcastuff
espossftlanzani;3gerardpique
albertofalero12;casillasworld
albertofalero12;3gerardpique
albertofalero12;juanmacastano
loovelyharry;3gerardpique
tharcioflu99;3gerardpique
mrlitonica;casillasworld
mrlitonica;3gerardpique
roxanacastel;3gerardpique
merce_blitz;naciodigital
merce_blitz;3gerardpique
fernandostarkey;jpedrerol
fernandostarkey;casillasworld
fernandostarkey;3gerardpique
fernandostarkey;elchirincirco
knoxville09;3gerardpique
esnakers;jpedrerol
esnakers;casillasworld
esnakers;3gerardpique
esnakers;elchirincirco
kike_bartolomei;3gerardpique
jasor_cr;3gerardpique
hichampmp;3gerardpique
aadeportes7;periscopetv
aadeportes7;periscopetv
aadeportes7;3gerardpique
aadeportes7;casillasworld
aadeportes7;3gerardpique
tovia89;3gerardpique
juampaglez;3gerardpique
alberpupy;3gerardpique
davidmviila;3gerardpique
haams29;3gerardpique
haams29;casillasworld
haams29;3gerardpique
haams29;juanmacastano
nicolasromay;periscope
nicolasromay;3gerardpique
nicolasromay;casillasworld
minifarli12;3gerardpique
adriortiz8;3gerardpique
victorjuanjo;3gerardpique
angelplaza6;3gerardpique
issapaez03;3gerardpique
issapaez03;3gerardpique
mariuxiig;3gerardpique
ikercasillasfa8;3gerardpique
yahveprieto7;3gerardpique
ninoperezvila;3gerardpique
victor_osuna08;casillasworld
victor_osuna08;3gerardpique
victor_osuna08;3gerardpique
lucialunamorell;3gerardpique
tonirieraa8;casillasworld
tonirieraa8;3gerardpique
rul_corbin;cesc4official
rul_corbin;casillasworld
rul_corbin;3gerardpique
jats_21;3gerardpique
jats_21;hoyendeportes4
fcb_jbwkz;3gerardpique
fcb_jbwkz;3gerardpique
messisuarezney;casillasworld
messisuarezney;3gerardpique
shakiraceci;casillasworld
shakiraceci;3gerardpique
shakiraceci;3gerardpique
awoladekehinde;3gerardpique
awoladekehinde;barcastuff
awoladekehinde;3gerardpique
awoladekehinde;casillasworld
awoladekehinde;barcastuff
awoladekehinde;3gerardpique
awoladekehinde;barcastuff
fcbxrceiona;3gerardpique
dani9fernandez;3gerardpique
dani9fernandez;sefutbol
dani9fernandez;3gerardpique
dani9fernandez;casillasworld
dani9fernandez;sientelaroja
gabyascanio_;3gerardpique
cristinafcb_;casillasworld
cristinafcb_;3gerardpique
lauu__3;casillasworld
lauu__3;3gerardpique
lauu__3;3gerardpique
lauu__3;3gerardpique
lauu__3;3gerardpique
lauu__3;3gerardpique
clika_munozf;3gerardpique
clika_munozf;3gerardpique
xescogari;3gerardpique
kevinhernaruiz;3gerardpique
_guille____;3gerardpique
joluiss_luis;3gerardpique
adryantu1;sefutbol
adryantu1;3gerardpique
adryantu1;casillasworld
adryantu1;sientelaroja
adryantu1;3gerardpique
tp_ricky;3gerardpique
vaden_1985;3gerardpique
miguelquelu22;3gerardpique
limorq;3gerardpique
limorq;hoyendeportes4
trujilloisra98;3gerardpique
jane_ysy;3gerardpique
jane_ysy;casillasworld
jane_ysy;3gerardpique
gabykarting;jpedrerol
gabykarting;casillasworld
gabykarting;3gerardpique
gabykarting;elchirincirco
carlesfefi;casillasworld
carlesfefi;3gerardpique
carlesfefi;juanmacastano
nicosm23;3gerardpique
rguille_27;jpedrerol
rguille_27;casillasworld
rguille_27;3gerardpique
rguille_27;elchirincirco
rguille_27;casillasworld
rguille_27;3gerardpique
rguille_27;elchirincirco
nathycastilloo;casillasworld
nathycastilloo;3gerardpique
nathycastilloo;3gerardpique
nathycastilloo;3gerardpique
dani23606;3gerardpique
dani23606;abc_deportes
baronidirenzo;3gerardpique
jesus_salced95;3gerardpique
bujanforzadepor;3gerardpique
leticia_dmgz;casillasworld
leticia_dmgz;3gerardpique
sergiibcn12;3gerardpique
nerea_uno;3gerardpique
nerea_uno;casillasworld
nerea_uno;3gerardpique
globalpisobego;3gerardpique
josepcapdevila;3gerardpique
josepcapdevila;casillasworld
josepcapdevila;3gerardpique
josepcapdevila;3gerardpique
adri_cosme;3gerardpique
loren8615;3gerardpique
agvana;3gerardpique
guillermo28r;3gerardpique
ismaelge;casillasworld
ismaelge;3gerardpique
breeinmotion;3gerardpique
riomorder;casillasworld
riomorder;3gerardpique
bamegosa;3gerardpique
bamegosa;hoyendeportes4
aquiles2005;casillasworld
aquiles2005;3gerardpique
aquiles2005;3gerardpique
aquiles2005;3gerardpique
alex_cardona_r;3gerardpique
castillotorre14;3gerardpique
castillotorre14;casillasworld
castillotorre14;3gerardpique
castillotorre14;3gerardpique
castillotorre14;3gerardpique
rebirththefenix;jpedrerol
rebirththefenix;casillasworld
rebirththefenix;3gerardpique
rebirththefenix;elchirincirco
txemahomunculo;3gerardpique
txemahomunculo;3gerardpique
jmanuelr1983;3gerardpique
jmanuelr1983;casillasworld
victor4ramos;jpedrerol
victor4ramos;casillasworld
victor4ramos;3gerardpique
victor4ramos;elchirincirco
fredpd09;3gerardpique
xaviigg;jpedrerol
xaviigg;casillasworld
xaviigg;3gerardpique
xaviigg;elchirincirco
juanmorales87;casillasworld
juanmorales87;3gerardpique
juanmorales87;juanmacastano
danielhuertasl;3gerardpique
isnach0;3gerardpique
isnach0;3gerardpique
andresbsk;3gerardpique
jarnalr;3gerardpique
carlos_gcg;3gerardpique
santillaneta;3gerardpique
82ademir;casillasworld
82ademir;3gerardpique
miguelmakina;jpedrerol
miguelmakina;casillasworld
miguelmakina;3gerardpique
miguelmakina;elchirincirco
tiendaface;casillasworld
tiendaface;3gerardpique
tiendaface;mundodeportivo
felippb;3gerardpique
fran_mota93;3gerardpique
jhoni_drak;3gerardpique
paozskye;casillasworld
paozskye;3gerardpique
paozskye;mundodeportivo
arnaau4;jpedrerol
arnaau4;casillasworld
arnaau4;3gerardpique
arnaau4;elchirincirco
arnaau4;3gerardpique
arnaau4;hoyendeportes4
orellana_jaos;3gerardpique
ballistictank;3gerardpique
ballistictank;casillasworld
ballistictank;3gerardpique
ballistictank;3gerardpique
rickm2_;3gerardpique
alexrivasf17;3gerardpique
marialujanchauc;casillasworld
marialujanchauc;3gerardpique
marialujanchauc;mundodeportivo
naijel44;3gerardpique
javi_m_m__;3gerardpique
gabrielrestre2;3gerardpique
22minisito;3gerardpique
angel_athletic;casillasworld
angel_athletic;3gerardpique
angel_athletic;juanmacastano
chofer_elputo;jpedrerol
chofer_elputo;casillasworld
chofer_elputo;3gerardpique
chofer_elputo;elchirincirco
chofer_elputo;3gerardpique
chofer_elputo;hoyendeportes4
ivan_2511;3gerardpique
sauldelaxes;3gerardpique
sauldelaxes;misterbarranca
x_izzy_98;3gerardpique
mrovirag;3gerardpique
mafer_lavarreda;3gerardpique
mafer_lavarreda;3gerardpique
kuude_namba;3gerardpique
kuude_namba;misterbarranca
jesulete;3gerardpique
suarez240308;3gerardpique
102irenecita;_pedro17_
102irenecita;3gerardpique
102irenecita;jordialba
102irenecita;marcbartra
jacis7;3gerardpique
toxx10;casillasworld
toxx10;3gerardpique
jmdiaz2011;3gerardpique
fredy619super;3gerardpique
fredy619super;barcastuff
castro11_1995;3gerardpique
guitarchild777;cirque
guitarchild777;aleromeropiano
guitarchild777;3gerardpique
luisandrescz;casillasworld
luisandrescz;3gerardpique
luisandrescz;3gerardpique
jackiefc7p;casillasworld
jackiefc7p;3gerardpique
iluminatis4;3gerardpique
lazogol;3gerardpique
aupaleganes;3gerardpique
aupaleganes;casillasworld
lolosoler;3gerardpique
lolosoler;casillasworld
lolosoler;3gerardpique
jordimar777;jpedrerol
jordimar777;casillasworld
jordimar777;3gerardpique
jordimar777;elchirincirco
tremichelleee11;3gerardpique
itsdvalle;3gerardpique
ramon95jimenez;3gerardpique
ignacioduran11;3gerardpique
_josejuan;3gerardpique
juicexp;3gerardpique
meji_dani;3gerardpique
yuboslavo51;jpedrerol
yuboslavo51;casillasworld
yuboslavo51;3gerardpique
yuboslavo51;elchirincirco
yuboslavo51;casillasworld
yuboslavo51;3gerardpique
ivantxu79;3gerardpique
mateo965;_moroncito_
mateo965;casillasworld
mateo965;3gerardpique
erni68s;casillasworld
erni68s;3gerardpique
erni68s;juanmacastano
carlesguerrero;3gerardpique
bieltello;ctello91
bieltello;3gerardpique
bieltello;casillasworld
sonrisademono;3gerardpique
cuenki70;sefutbol
cuenki70;3gerardpique
cuenki70;casillasworld
cuenki70;sientelaroja
vozencaliente;3gerardpique
rocio_real29;3gerardpique
farrera_joan;3gerardpique
peskavily;alvarobm21
peskavily;casillasworld
peskavily;3gerardpique
makaritap;3gerardpique
makaritap;abc_deportes
zombienett;jpedrerol
zombienett;casillasworld
zombienett;3gerardpique
zombienett;elchirincirco
irenecastellet3;3gerardpique
priscilam0612;3gerardpique
contreri11;3gerardpique
raphinha1910;3gerardpique
raphinha1910;casillasworld
raphinha1910;3gerardpique
bernatvg;3gerardpique
bernatvg;3gerardpique
benjanbaz;_pedro17_
benjanbaz;3gerardpique
benjanbaz;jordialba
benjanbaz;marcbartra
elpocerocolorao;casillasworld
elpocerocolorao;3gerardpique
elpocerocolorao;juanmacastano
joncule10messi;3gerardpique
josefaucon7;3gerardpique
cosakobetico;3gerardpique
jromoduran;3gerardpique
haneenyoussefs1;3gerardpique
haneenyoussefs1;barcastuff
serch_rios;3gerardpique
atmaria_;3gerardpique
manugarc98;3gerardpique
maeva91270;3gerardpique
juaanca028;3gerardpique
elmago_iniesta;3gerardpique
mikkele_92;casillasworld
mikkele_92;3gerardpique
mikkele_92;jpedrerol
mikkele_92;casillasworld
mikkele_92;3gerardpique
mikkele_92;elchirincirco
vanegacu;casillasworld
vanegacu;3gerardpique
vanegacu;mundodeportivo
michikidrauhl;casillasworld
michikidrauhl;3gerardpique
rafa_henriquezv;jpedrerol
rafa_henriquezv;casillasworld
rafa_henriquezv;3gerardpique
rafa_henriquezv;elchirincirco
anne1899;3gerardpique
anne1899;3gerardpique
manuelgamarra5;3gerardpique
jorgebouzas24;3gerardpique
qiqegar;3gerardpique
franarteaga;damosasa
damosasa;3gera
damosasa;sergioramos
damosasa;franarteaga
guillo17fcb;_pedro17_
guillo17fcb;sergiroberto10
guillo17fcb;marcbartra
guillo17fcb;jordialba
guillo17fcb;periscopeco
guillo17fcb;3gerardpique
diegojacobs95;3gerardpique
diegojacobs95;doctorcule
lordofthelords;jpedrerol
lordofthelords;casillasworld
lordofthelords;3gerardpique
lordofthelords;elchirincirco
cali_urives;casillasworld
cali_urives;3gerardpique
cali_urives;mundodeportivo
cgbcarlos;3gerardpique
cgbcarlos;3gera
cgbcarlos;sergioramos
cgbcarlos;franarteaga
aya_shaker;jpedrerol
aya_shaker;casillasworld
aya_shaker;3gerardpique
aya_shaker;elchirincirco
aya_shaker;casillasworld
aya_shaker;3gerardpique
aya_shaker;mundodeportivo
aitor_vc98;3gerardpique
mohamedbenali98;3gerardpique
vinsjrm;3gerardpique
vince_cee;jpedrerol
vince_cee;casillasworld
vince_cee;3gerardpique
vince_cee;elchirincirco
vince_cee;3gerardpique
sergiobc_24;3gerardpique
sergiobc_24;casillasworld
nick_fcb10;3gerardpique
eldrsocrates;3gerardpique
alba_mnt01;_pedro17_
alba_mnt01;3gerardpique
alba_mnt01;jordialba
alba_mnt01;marcbartra
alvaromc_atm;3gerardpique
_lourdesbaez;3gerardpique
wendytaiguardia;3gerardpique
wendytaiguardia;casillasworld
wendytaiguardia;3gerardpique
wendytaiguardia;casillasworld
wendytaiguardia;3gerardpique
wendytaiguardia;vpalacios__
santiculer;3gerardpique
yohe_villalobos;maniacule
yohe_villalobos;casillasworld
yohe_villalobos;3gerardpique
adlt98;jsaenzdetejada
adlt98;3gerardpique
aaail23;3gerardpique
norbeals;casillasworld
norbeals;3gerardpique
norbeals;mundodeportivo
juanclugoom;3gerardpique
juanclugoom;casillasworld
juanclugoom;3gerardpique
juanclugoom;casillasworld
juanclugoom;3gerardpique
juanclugoom;mundodeportivo
juanclugoom;3gerardpique
oskarthecraker;sefutbol
oskarthecraker;3gerardpique
oskarthecraker;casillasworld
oskarthecraker;sientelaroja
facu_udlp;_pedro17_
facu_udlp;3gerardpique
facu_udlp;jordialba
facu_udlp;marcbartra
niko_g22;3gerardpique
miguemcf;3gerardpique
dany_gury;3gerardpique
pablo0226;3gerardpique
jeanya2;3gerardpique
empershao;jpedrerol
empershao;casillasworld
empershao;3gerardpique
empershao;elchirincirco
madridcr7_4ever;3gerardpique
_julylopes;3gerardpique
_julylopes;3gerardpique
_julylopes;3gerardpique
eesmeers;3gerardpique
g2teixeira;jpedrerol
g2teixeira;casillasworld
g2teixeira;3gerardpique
g2teixeira;elchirincirco
aleexjg_10;3gerardpique
aleexjg_10;david_guti
ullyeah;casillasworld
ullyeah;3gerardpique
arcangelgabri33;jpedrerol
arcangelgabri33;casillasworld
arcangelgabri33;3gerardpique
arcangelgabri33;elchirincirco
arcangelgabri33;3gerardpique
arcangelgabri33;hoyendeportes4
triay89;3gerardpique
migueljar937;kiee10
migueljar937;3gerardpique
styladao;3gerardpique
maulikis;3gerardpique
angiroma;3gerardpique
real_oscarinn;jordievole
mireiavillalba;jpedrerol
mireiavillalba;casillasworld
mireiavillalba;3gerardpique
mireiavillalba;elchirincirco
jnanbsc;3gerardpique
paco_92_mcf;3gerardpique
qvayreda;3gerardpique
biilly_14;3gerardpique
marinadelgadx;3gerardpique
jorgeceltic;3gerardpique
joseequinteroo;3g
real_oscarinn;3gerardpique
real_oscarinn;chuycorona25
real_oscarinn;hherreramex
real_oscarinn;miguel_layun
real_oscarinn;casillasworld
real_oscarinn;3gerardpique
joseequinteroo;real_oscarinn
joseequinteroo;chuycorona25
joseequinteroo;hherreramex
joseequinteroo;miguel_layun
joseequinteroo;casillasworld
vleunaam;3gerardpique
jvindel78;3gerardpique
4chamo4sergio4;3gerardpique
diegoofcb6;3gerardpique
ms_swannfcb;3gerardpique
trunksdl_frank;3gerardpique
trunksdl_frank;misterbarranca
ditoseadio;casillasworld
ditoseadio;3gerardpique
idoia3garcia;casillasworld
idoia3garcia;3gerardpique
servetopol;3gerardpique
razakismo;razakbrimah
razakismo;3gerardpique
razakismo;raul_lm_cdb
anabel_sublime;3gerardpique
rguezubay;3gerardpique
3piquefans3;3gerardpique
3piquefans3;casillasworld
3piquefans3;3gerardpique
3piquefans3;3gerardpique
jaime_ast;3gerardpique
pasamelaleo;3gerardpique
nolnj;jpedrerol
nolnj;casillasworld
nolnj;3gerardpique
nolnj;elchirincirco
nolnj;3gerardpique
nolnj;casillasworld
nolnj;3gerardpique
piturecre;3gerardpique
sanberu;casillasworld
sanberu;3gerardpique
sanberu;mundodeportivo
lini269;3gerardpique
vika_26rus;casillasworld
vika_26rus;3gerardpique
siempresora;3gerardpique
alvaro1019;casillasworld
alvaro1019;3gerardpique
avaltuille;jpedrerol
avaltuille;casillasworld
avaltuille;3gerardpique
avaltuille;elchirincirco
valendeav;3gerardpique
weendolydiiaz;lugoburnett
weendolydiiaz;3gerardpique
juanluu11;casillasworld
juanluu11;3gerardpique
juanluu11;juanmacastano
jsanse;3gerardpique
luci_torres08;3gerardpique
8alexfcb;3gerardpique
antonnini00;3gerardpique
jluischan;3gerardpique
ayosm9x;3gerardpique
mayucule_messi;3gerardpique
_alvarogomez_;jpedrerol
_alvarogomez_;casillasworld
_alvarogomez_;3gerardpique
_alvarogomez_;elchirincirco
maulidioasmr;3gerardpique
maulidioasmr;barcastuff
maulidioasmr;3gerardpique
segurillafsb;3gerardpique
xyhz3maria;3gerardpique
xyhz3maria;3gerardpique
xyhz3maria;3gerardpique
xyhz3maria;3gerardpique
xyhz3maria;casillasworld
xyhz3maria;3gerardpique
mikelmostajo;casillasworld
mikelmostajo;3gerardpique
mikelmostajo;juanmacastano
meendozam;3gerardpique
dannyra_f1;3gerardpique
jose_elromerin;3gerardpique
jose_elromerin;abc_deportes
inicioweb;3gerardpique
inicioweb;casillasworld
maca_blueness;3gerardpique
auli7_;3gerardpique
busquetsvictor;3gerardpique
busquetsvictor;abc_deportes
gones83;3gerardpique
carlota_arce7;3gerardpique
carlota_arce7;3gerardpique
quiquesanroman;jpedrerol
quiquesanroman;casillasworld
quiquesanroman;3gerardpique
quiquesanroman;elchirincirco
heeltogrul;3gerardpique
javierlanza;cesc4official
javierlanza;casillasworld
javierlanza;3gerardpique
javierlanza;periscopeco
xsilees;jpedrerol
xsilees;casillasworld
xsilees;3gerardpique
xsilees;elchirincirco
thepapaisin;3gerardpique
thepapaisin;hoyendeportes4
thepapaisin;casillasworld
thepapaisin;3gerardpique
dahynapm;3gerardpique
victorfelipao94;3gerardpique
gironanoticies;3gerardpique
mjfdz;casillasworld
mjfdz;3gerardpique
irunes;3gerardpique
irunes;3gerardpique
maliksameer_;casillasworld
maliksameer_;3gerardpique
maliksameer_;3gerardpique
_kev_20;3gerardpique
_kev_20;barcastuff
anapizarro97;3gerardpique
clausclaus3;3gerardpique
16franwelling;3gerardpique
darvicjavier;casillasworld
darvicjavier;3gerardpique
darvicjavier;mundodeportivo
mariapartor;jpedrerol
mariapartor;casillasworld
mariapartor;3gerardpique
mariapartor;elchirincirco
mariapartor;3gerardpique
markomartiniere;3gerardpique
markomartiniere;abc_deportes
danieel_r;casillasworld
danieel_r;3gerardpique
rafa_soccer_boy;3gerardpique
neysfavgirl;3gerardpique
neysfavgirl;3gerardpique
adri_chaveta;3gerardpique
carool_tm;3gerardpique
eigabbe;3gerardpique
eigabbe;casillasworld
eigabbe;3gerardpique
eigabbe;3gerardpique
ceibaortiz;casillasworld
ceibaortiz;3gerardpique
quique22gafe;3gerardpique
bymarxx;3gerardpique
borjan8;_pedro17_
borjan8;3gerardpique
borjan8;jordialba
borjan8;marcbartra
med_anthony;3gerardpique
fflush;3gerardpique
claudifatjo;casillasworld
claudifatjo;3gerardpique
claudifatjo;juanmacastano
escobarrrrrrrr;3gerardpique
sasi_btdyo;3gerardpique
toprt_de;3gerardpique
toprt_de;3gerardpique
mangristar;3gerardpique
marchelogreco;3gerardpique
marta_i19;3gerardpique
lauyluz;3gerardpique
clubfansrazak;razakbrimah
clubfansrazak;3gerardpique
clubfansrazak;raul_lm_cdb
_aleix32;casillasworld
_aleix32;3gerardpique
danigc24;3gerardpique
rodripep7;3gerardpique
meninoneymarjr_;3gerardpique
meninoneymarjr_;3gerardpique
guillemruizcabo;3gerardpique
grinderspa;3gerardpique
jordimontaa;periscopeco
jordimontaa;3gerardpique
jordimontaa;realmiracle66
javifersan_;3gerardpique
vicolfer1;3gerardpique
fernandogsolano;3gerardpique
valenciabendito;3gerardpique
juanjesus1964;jpedrerol
juanjesus1964;casillasworld
juanjesus1964;3gerardpique
juanjesus1964;elchirincirco
walkhemilan;3gerardpique
dllaguerri;3gerardpique
manuel_s4;3gerardpique
yisus_10;3gerardpique
lalovazqz;3gerardpique
lamiguelera77;paquisr4
lamiguelera77;3gerardpique
adrianchopo13;jpedrerol
adrianchopo13;casillasworld
adrianchopo13;3gerardpique
adrianchopo13;elchirincirco
oski_03;josemelli11
oski_03;ivan_pini
oski_03;3gerardpique
imaaa89;3gerardpique
ezzioa06;jpedrerol
ezzioa06;casillasworld
ezzioa06;3gerardpique
ezzioa06;elchirincirco
gustavocrf19;3gerardpique
jorge_c_ny;3gerardpique
raycogarcia23;casillasworld
raycogarcia23;3gerardpique
raycogarcia23;juanmacastano
abilenegarcia17;casillasworld
abilenegarcia17;3gerardpique
abilenegarcia17;3gerardpique
abilenegarcia17;3gerardpique
abilenegarcia17;3gerardpique
manoflecos;casillasworld
manoflecos;3gerardpique
vegimv;3gerardpique
jimqintanilla;jpedrerol
jimqintanilla;casillasworld
jimqintanilla;3gerardpique
jimqintanilla;elchirincirco
isa_p55;casillasworld
isa_p55;3gerardpique
robicristiano;3gerardpique
gerardcampos18;3gerardpique
rosacastro_1711;3gerardpique
bellatinoco;3gerardpique
martin_ibz97;3gerardpique
cs520118s;3gerardpique
inaki24;3gerardpique
samu_ccf;razakbrimah
samu_ccf;3gerardpique
samu_ccf;raul_lm_cdb
postureos;3gerardpique
_luismmi_;3gerardpique
nattseddy;3gerardpique
raulchaosoriano;3gerardpique
lisiteasa;3gerardpique
lisiteasa;3gerardpique
mar_rosell;3gerardpique
meandhoneydew;3gerardpique
maestrexavier1;3gerardpique
jyjukfandom;3gerardpique
jyjukfandom;casillasworld
jyjukfandom;3gerardpique
jyjukfandom;3gerardpique
breakerziul;3gerardpique
miquelet_1981;3gerardpique
comentarios66;3gerardpique
tejero5;3gerardpique
nachosarmientom;3gerardpique
bcn_raphi;3gerardpique
bcn_raphi;3gerardpique
manutee23;3gerardpique
quiritium;3gerardpique
holamariola;3gerardpique
siskoaguilar10;3gerardpique
siskoaguilar10;david_guti
pablopirela1;3gerardpique
blascojorge10;jpedrerol
blascojorge10;casillasworld
blascojorge10;3gerardpique
blascojorge10;elchirincirco
almaespinosa_;3gerardpique
sergiocp99_;3gerardpique
diegovaldesbcn;3gerardpique
migninho;diegovaldesbcn
migninho;3gerardpique
diegodr_g;3gerardpique
biologojona;3gerardpique
guillermobr2;casillasworld
guillermobr2;3gerardpique
thereal1uan;rmcf_raul
thereal1uan;3gerardpique
alejandrodiago;3gerardpique
eddiedgore;3gerardpique
argentinxfancy;3gerardpique
argentinxfancy;3gerardpique
argentinxfancy;casillasworld
argentinxfancy;3gerardpique
argentinxfancy;3gerardpique
argentinxfancy;marcbartra
argentinxfancy;sergiroberto10
argentinxfancy;jordialba
argentinxfancy;3gerardpique
pacogabi_01;3gerardpique
raul_lm_cdb;razakbrimah
iker_cordobes;razakbrimah
raul_lm_cdb;3gerardpique
iker_cordobes;raul_lm_cdb
iker_cordobes;3gerardpique
baruahabhijeet;casillasworld
baruahabhijeet;3gerardpique
adriaanr19;3gerardpique
donatto99;3gerardpique
angelavasquez97;3gerardpique
peibol_8;3gerardpique
culfcb5;3gerardpique
culfcb5;casillasworld
culfcb5;3gerardpique
carlosbm86;3gerardpique
yeezybbyco_;3gerardpique
gabitadubon;casillasworld
gabitadubon;3gerardpique
gabitadubon;3gerardpique
gabitadubon;3gerardpique
gabitadubon;3gerardpique
dominicano1096;3gerardpique
dominicano1096;casillasworld
dominicano1096;3gerardpique
santdepor;3gerardpique
santdepor;pdeportivoverin
djjoaodias23;3gerardpique
jenny_bernardez;casillasworld
jenny_bernardez;3gerardpique
jenny_bernardez;3gerardpique
jenny_bernardez;3gerardpique
frunge23;jpedrerol
frunge23;casillasworld
frunge23;3gerardpique
frunge23;elchirincirco
rodericgirardon;3gerardpique
armingol22;3gerardpique
nelson_vcf;3gerardpique
iciarsala;3gerardpique
manulbcf;3gerardpique
laiabonalsruiz;3gerardpique
javiergonzale99;casillasworld
javiergonzale99;3gerardpique
javiergonzale99;juanmacastano
irolan_11;3gerardpique
irolan_11;pdeportivoverin
isidorotv;3gerardpique
dnhxo;casillasworld
dnhxo;3gerardpique
joseka11garcia;3gerardpique
jalcazar_39;3gerardpique
carlosperez_21;3gerardpique
omarsf69;3gerardpique
omarsf69;3gerardpique
toprt_es;3gerardpique
toprt_es;3gerardpique
tmax535;casillasworld
tmax535;3gerardpique
miguel_lacalle;3gerardpique
miguel_lacalle;casillasworld
carloszelaya100;jpedrerol
carloszelaya100;casillasworld
carloszelaya100;3gerardpique
carloszelaya100;elchirincirco
josealfredopd;3gerardpique
josealfredopd;casillasworld
josealfredopd;3gerardpique
josealfredopd;3gerardpique
josealfredopd;3gerardpique
willymosky;jpedrerol
willymosky;casillasworld
willymosky;3gerardpique
willymosky;elchirincirco
melli_zahara;jpedrerol
melli_zahara;casillasworld
melli_zahara;3gerardpique
melli_zahara;elchirincirco
sergioc377;casillasworld
sergioc377;3gerardpique
yogidermawan3;3gerardpique
pedrobrotons;3gerardpique
paula_v_a;3gerardpique
paula_v_a;david_guti
daver_son;3gerardpique
daver_son;casillasworld
daver_son;barcastuff
claragree;3gerardpique
claragree;3gerardpique
mariojmnz101;3gera
franarteaga;3gerardpique
franarteaga;sergioramos
mariojmnz101;franarteaga
mariojmnz101;sergioramos
armoeyly;3gerardpique
armoeyly;3gerardpique
danibengo;3gerardpique
beitaarma;3gerardpique
chrisoviedo88;aitor_gl10
chrisoviedo88;3gerardpique
ivanvillanua;3gerardpique
laghdass2;casillasworld
laghdass2;3gerardpique
laghdass2;3gerardpique
laghdass2;3gerardpique
bra1s;3gerardpique
miguelpv_rm10;jpedrerol
miguelpv_rm10;casillasworld
miguelpv_rm10;3gerardpique
miguelpv_rm10;elchirincirco
gerardlizana;3gerardpique
bvb09xavibvb09;3gerardpique
ctejero_14;3gerardpique
ctejero_14;jpedrerol
ctejero_14;casillasworld
ctejero_14;3gerardpique
ctejero_14;elchirincirco
mariariquelmedh;casillasworld
mariariquelmedh;3gerardpique
nathhender;3gerardpique
nathhender;3gerardpique
nathhender;3gerardpique
jorge_ferre_;3gerardpique
vrcharpentier;3gerardpique
alejandraiturbe;3gerardpique
kingzio1;3gerardpique
kingzio1;david_guti
sempreambpique;3gerardpique
elplansl;3gerardpique
raashaad;casillasworld
raashaad;3gerardpique
ian_priceless;3gerardpique
ian_priceless;barcastuff
ian_priceless;3gerardpique
ian_priceless;casillasworld
ian_priceless;barcastuff
ian_priceless;3gerardpique
ian_priceless;barcastuff
barca_rh;casillasworld
barca_rh;3gerardpique
srto8basket;3gerardpique
ricardoor1_;casillasworld
ricardoor1_;3gerardpique
majoes;3gerardpique
mediasmentiras;3gerardpique
anfemaen;sefutbol
anfemaen;3gerardpique
anfemaen;casillasworld
anfemaen;sientelaroja
hassan_jr8;3gerardpique
pauros88;casillasworld
pauros88;3gerardpique
diegobaresi;3gerardpique
dianuskygb;3gerardpique
roximey1;sefutbol
roximey1;3gerardpique
roximey1;casillasworld
roximey1;sientelaroja
roximey1;casillasworld
roximey1;3gerardpique
roximey1;vpalacios__
roximey1;casillasworld
roximey1;3gerardpique
rm9alex;3gerardpique
rm9alex;3gerardpique
alprimertoque;3gerardpique
alprimertoque;casillasworld
alprimertoque;ondacero_es
_myhipsdontlie;casillasworld
_myhipsdontlie;3gerardpique
_myhipsdontlie;casillasworld
_myhipsdontlie;3gerardpique
_myhipsdontlie;vpalacios__
janiraaps;jpedrerol
janiraaps;casillasworld
janiraaps;3gerardpique
janiraaps;elchirincirco
willaylas;3gerardpique
willaylas;casillasworld
willaylas;deporteslasexta
markkdeejay;3gerardpique
markkdeejay;3gerardpique
markkdeejay;hoyendeportes4
gutih3;3gerardpique
eljushi;3gerardpique
jujomilefc;3gerardpique
navarropaja14;3gerardpique
elpana0110;3gerardpique
dmonarque;3gerardpique
dmonarque;miseleccionmx
dmonarque;chuycorona25
dmonarque;miguel_layun
dmonarque;eukarolyi
fotosdetello;cesc4official
fotosdetello;3gerardpique
fotosdetello;casillasworld
katchhq;3gerardpique
katchhq;3gerardpique
arqwillber;3gerardpique
ohblaugrana;3gerardpique
ribas_pepe;casillasworld
ribas_pepe;3gerardpique
rubnabal;3gerardpique
joliverafelipe1;casillasworld
joliverafelipe1;3gerardpique
joliverafelipe1;3gerardpique
joliverafelipe1;3gerardpique
fabi1123;3gerardpique
fcblusk;3gerardpique
urbinayonathan;3gerardpique
urbinayonathan;3gerardpique
_diegovcf;jpedrerol
_diegovcf;casillasworld
_diegovcf;3gerardpique
_diegovcf;elchirincirco
xavif00;casillasworld
xavif00;3gerardpique
xavif00;mundodeportivo
xavif00;3gerardpique
xavif00;3gerardpique
xavif00;casillasworld
xavif00;3gerardpique
juanloma;jpedrerol
juanloma;casillasworld
juanloma;3gerardpique
juanloma;elchirincirco
alvarusdel;3gerardpique
yusifbaita;3gerardpique
yusifbaita;casillasworld
yusifbaita;barcastuff
caniegosergi;3gerardpique
oscarsemtts;3gerardpique
itomanuel;3gerardpique
lapelotansm;3gerardpique
lapelotansm;txikiforero
danimonterodmv;eldesmarque_bzk
danimonterodmv;3gerardpique
danimonterodmv;ikermuniain19
jesusmaestre10;casillasworld
jesusmaestre10;3gerardpique
sh_ketbi17;3gerardpique
kurditaha;3gerardpique
aketzavm;realmadrid
aketzavm;3gerardpique
aketzavm;casillasworld
javiers90544749;3gerardpique
javiers90544749;eukarolyi
clemensosag3;3gerardpique
yel_qui6;3gerardpique
danipla6;3gerardpique
sarita_judoka;3gerardpique
murrinapls;3gerardpique
murrinapls;txikiforero
mayramagica21;3gerardpique
mayramagica21;txikiforero
juanfran_vr46;3gerardpique
antoniomtnz_uda;jpedrerol
antoniomtnz_uda;casillasworld
antoniomtnz_uda;3gerardpique
antoniomtnz_uda;elchirincirco
danimm79;3gerardpique
vicentecaballe;3gerardpique
beremundo10;3gerardpique
elfcbarcelona11;3gerardpique
dannynovoaspain;3gerardpique
_claud10_;3gerardpique
_claud10_;txikiforero
danigonzalezr11;3gerardpique
j_fharo;3gerardpique
j_fharo;txikiforero
laiagimenez;3gerardpique
laiagimenez;pepvergeli
moncho81;3gerardpique
moncho81;eukarolyi
abrahamvelazqz;casillasworld
abrahamvelazqz;3gerardpique
caarmencita_14;3gerardpique
caarmencita_14;3gerardpique
azeezalsohily;3gerardpique
pabloporcar;casillasworld
pabloporcar;3gerardpique
javidingas;3gerardpique
miguel_pelaez;3gerardpique
thevipempire;3gerardpique
thevipempire;barcastuff
thevipempire;3gerardpique
alejoramone69;3gerardpique
javianton11;3gerardpique
parocziagnes;3gerardpique
lauratabosa;3gerardpique
sandra_melendi;jpedrerol
sandra_melendi;casillasworld
sandra_melendi;3gerardpique
sandra_melendi;elchirincirco
adriangurman;3gerardpique
adriangurman;casillasworld
adriangurman;3gerardpique
adriangurman;3gerardpique
josepeerez_10;3gerardpique
josepeerez_10;misterbarranca
diegogdb93;3gerardpique
pablosanjuann;diegogdb93
pablosanjuann;3gerardpique
r2n27;3gerardpique
d_corral;3gerardpique
juanillo1810;3gerardpique
juanillo1810;hoyendeportes4
ferrrpadilla_;3gerardpique
gallaecia_;ferrrpadilla_
gallaecia_;3gerardpique
raulvm13;3gerardpique
raulvm13;miseleccionmx
raulvm13;chuycorona25
raulvm13;miguel_layun
raulvm13;eukarolyi
danielgt99;3gerardpique
andresgarciatal;jpedrerol
andresgarciatal;casillasworld
andresgarciatal;3gerardpique
andresgarciatal;elchirincirco
andresgarciatal;3gerardpique
andresgarciatal;hoyendeportes4
alex_torres_18;periscopeco
alex_torres_18;3gerardpique
alex_torres_18;miseleccionmx
alex_torres_18;chuycorona25
alex_torres_18;miguel_layun
alex_torres_18;eukarolyi
diegocasve;3gerardpique
_juanma_16;jpedrerol
_juanma_16;casillasworld
_juanma_16;3gerardpique
_juanma_16;elchirincirco
kike3_conce;3gerardpique
caroll90;casillasworld
caroll90;3gerardpique
miguel_tiburon4;3gerardpique
maarbe_10;casillasworld
maarbe_10;3gerardpique
carlitosmolins;3gerardpique
jorge95garcia;3gerardpique
al_dohr2;3gerardpique
al_dohr2;miseleccionmx
al_dohr2;chuycorona25
al_dohr2;miguel_layun
al_dohr2;eukarolyi
becauseimvicto;3gerardpique
becauseimvicto;casillasworld
becauseimvicto;3gerardpique
becauseimvicto;3gerardpique
becauseimvicto;3gerardpique
becauseimvicto;3gerardpique
nknf1120;3gerardpique
nknf1120;3gerardpique
aitor_dlmaya;3gerardpique
ivan_carril;3gerardpique
gene_aac;casillasworld
gene_aac;3gerardpique
pablovega_92;3gerardpique
pablovega_92;txikiforero
fern_manzano;3gerardpique
usa_juan;fern_manzano
usa_juan;3gerardpique
oskrmontano;jpedrerol
oskrmontano;casillasworld
oskrmontano;3gerardpique
oskrmontano;elchirincirco
baw3r;3gerardpique
baw3r;miseleccionmx
baw3r;chuycorona25
baw3r;miguel_layun
baw3r;eukarolyi
korsacof;3gerardpique
korsacof;miseleccionmx
korsacof;chuycorona25
korsacof;miguel_layun
korsacof;eukarolyi
sevemir23;jpedrerol
sevemir23;casillasworld
sevemir23;3gerardpique
sevemir23;elchirincirco
juan61441401;3gerardpique
msologil;3gerardpique
msologil;eukarolyi
msologil;3gerardpique
msologil;miseleccionmx
msologil;chuycorona25
msologil;miguel_layun
msologil;eukarolyi
solana1975;casillasworld
solana1975;3gerardpique
solana1975;mundodeportivo
laulopez2_;3gerardpique
jvueltastm;3gerardpique
jvueltastm;casillasworld
jvueltastm;ondacero_es
luisgomez33;3gerardpique
luisgomez33;miseleccionmx
luisgomez33;chuycorona25
luisgomez33;miguel_layun
luisgomez33;eukarolyi
melanie_reyes14;3gerardpique
lahippianna;casillasworld
lahippianna;3gerardpique
pep_jack_2013;3gerardpique
yleniaab;casillasworld
yleniaab;3gerardpique
yleniaab;juanmacastano
argy_ma;jpedrerol
argy_ma;casillasworld
argy_ma;3gerardpique
argy_ma;elchirincirco
222saga;3gerardpique
fmarinb17;jpedrerol
fmarinb17;casillasworld
fmarinb17;3gerardpique
fmarinb17;elchirincirco
6871909903b;3gerardpique
puma7401;3gerardpique
puma7401;miseleccionmx
puma7401;chuycorona25
puma7401;miguel_layun
puma7401;eukarolyi
ponchoalmada;casillasworld
ponchoalmada;3gerardpique
unaicano;jpedrerol
unaicano;casillasworld
unaicano;3gerardpique
unaicano;elchirincirco
ingrida2228;3gerardpique
monicferperez;3gerardpique
chekeandrade;3gerardpique
chekeandrade;chuycorona25
chekeandrade;hherreramex
chekeandrade;miguel_layun
chekeandrade;casillasworld
leomessifcbco;3gerardpique
lucolba;3gerardpique
lucolba;txikiforero
mj7rj;3gerardpique
raulasensio;3gerardpique
moleteada;3gerardpique
miiguelito9;3gerardpique
miiguelito9;casillasworld
bertin2407;3gerardpique
javicano33;casillasworld
javicano33;3gerardpique
javicano33;juanmacastano
javicano33;3gerardpique
juniorpapis97;jpedrerol
juniorpapis97;casillasworld
juniorpapis97;3gerardpique
juniorpapis97;elchirincirco
albertoplazaseb;3gerardpique
david_grande23;3gerardpique
tpherrera;casillasworld
tpherrera;3gerardpique
wijors;cesc4official
wijors;casillasworld
wijors;3gerardpique
broo98fernanda;3gerardpique
broo98fernanda;casillasworld
broo98fernanda;3gerardpique
broo98fernanda;3gerardpique
broo98fernanda;casillasworld
broo98fernanda;3gerardpique
broo98fernanda;juanmacastano
danidmf;casillasworld
danidmf;3gerardpique
danidmf;juanmacastano
made_in_madrid;3gerardpique
a_rmcf1980;made_in_madrid
a_rmcf1980;3gerardpique
adarturocruz;casillasworld
adarturocruz;3gerardpique
pichuwestcrow;3gerardpique
basavaraj_cule;3gerardpique
nito9torres;3gerardpique
nito9torres;3gerardpique
eg_203;3gerardpique
eloycenteno;3gerardpique
eloycenteno;txikiforero
toni_balaguer6;3gerardpique
toni_balaguer6;3gerardpique
fikejr90;3gerardpique
yayo_f1;3gerardpique
menii94;3gerardpique
raul_fcb78;casillasworld
raul_fcb78;periscopeco
raul_fcb78;3gerardpique
josongue;casillasworld
josongue;3gerardpique
imosonia;josongue
imosonia;casillasworld
imosonia;3gerardpique
romerocr7;hola_ina
romerocr7;3gerardpique
sanchez_ignasi;d_degea
sanchez_ignasi;3gerardpique
zonajuanjo;3gerardpique
zonajuanjo;3gerardpique
preatyligthia;3gerardpique
caracena_pepe;3gerardpique
miguelmongara;casillasworld
miguelmongara;3gerardpique
iam_tomilade;3gerardpique
iam_tomilade;barcastuff
iam_tomilade;3gerardpique
iam_tomilade;casillasworld
iam_tomilade;barcastuff
iam_tomilade;3gerardpique
iam_tomilade;barcastuff
jonathanqs4;3gerardpique
sairusdsr;3gerardpique
smoothcarrera;jpedrerol
smoothcarrera;casillasworld
smoothcarrera;3gerardpique
smoothcarrera;elchirincirco
bongofutbol;alenaranjobobo
bongofutbol;3gerardpique
styles_cule;3gerardpique
jos3ramon84;3gerardpique
arma_acero;3gerardpique
paulahenrquez77;jpedrerol
paulahenrquez77;casillasworld
paulahenrquez77;3gerardpique
paulahenrquez77;elchirincirco
herreracha14;jpedrerol
herreracha14;casillasworld
herreracha14;3gerardpique
herreracha14;elchirincirco
itzeljocelyn24;3gerardpique
itzeljocelyn24;3gerardpique
apoyoic1;3gerardpique
nerea5sanchez;3gerardpique
victor9rr;jpedrerol
victor9rr;casillasworld
victor9rr;3gerardpique
victor9rr;elchirincirco
yolandapb9y4;passepartout__
yolandapb9y4;3gerardpique
betomonsi;3gerardpique
reubenk14;3gerardpique
soymikehattan;3gerardpique
soymikehattan;3gerardpique
romyr1;jpedrerol
romyr1;casillasworld
romyr1;3gerardpique
romyr1;elchirincirco
gmayoll;3gerardpique
pabloayo3;3gerardpique
andreuegea;3gerardpique
deporteslasexta;3gerardpique
luisyaza;deporteslasexta
luisyaza;3gerardpique
sauljrc;3gerardpique
sauljrc;casillasworld
sauljrc;3gerardpique
josejpriego;3gerardpique
bueduca;3gerardpique
rauulmendez;3gerardpique
jorgemoraleesl;3gerardpique
ytfrancog;casillasworld
ytfrancog;3gerardpique
ytfrancog;3gerardpique
dhquame_fcb;3gerardpique
dhquame_fcb;barcastuff
dhquame_fcb;3gerardpique
dhquame_fcb;casillasworld
dhquame_fcb;barcastuff
dhquame_fcb;3gerardpique
dhquame_fcb;barcastuff
bottomblesseas;3gerardpique
bottomblesseas;misterbarranca
tomas89254904;jpedrerol
tomas89254904;casillasworld
tomas89254904;3gerardpique
tomas89254904;elchirincirco
ivanrg02;jpedrerol
ivanrg02;casillasworld
ivanrg02;3gerardpique
ivanrg02;elchirincirco
xanderlets08;3gerardpique
sollerdass;3gerardpique
javillamas_12;jpedrerol
javillamas_12;casillasworld
javillamas_12;3gerardpique
javillamas_12;elchirincirco
toro_jess;3gerardpique
nachonu9;casillasworld
nachonu9;3gerardpique
nachonu9;juanmacastano
miguelangelara;3gerardpique
miguelangelara;despinar
sueertrr;3gerardpique
nicolsm39785862;3gerardpique
joserlg;3gerardpique
joserlg;champions_total
soyeddy;3gerardpique
soyeddy;miseleccionmx
soyeddy;chuycorona25
soyeddy;miguel_layun
soyeddy;eukarolyi
danih069;3gerardpique
danih069;despinar
polikeismaelej;3gerardpique
grawlgrawl;3gerardpique
grawlgrawl;misterbarranca
fijudas;3gerardpique
jzuazola;3gerardpique
misterbarranca;3gerardpique
arantxagata;misterbarranca
arantxagata;3gerardpique
noegonzalezfres;casillasworld
noegonzalezfres;3gerardpique
alexmorii7;jpedrerol
alexmorii7;casillasworld
alexmorii7;3gerardpique
alexmorii7;elchirincirco
carlitos_loko97;3gerardpique
carlitos_loko97;casillasworld
carlitos_loko97;champions_total
guelfran;3gerardpique
carne_anna;casillasworld
carne_anna;3gerardpique
martinmnzanares;3gerardpique
cgal_29;3gerardpique
gonferfe;3gerardpique
aman_7;3gerardpique
aman_7;despinar
beita38;3gerardpique
beita38;casillasworld
beita38;3gerardpique
carlesborrell96;jpedrerol
carlesborrell96;casillasworld
carlesborrell96;3gerardpique
carlesborrell96;elchirincirco
carlesborrell96;casillasworld
carlesborrell96;3gerardpique
carlesborrell96;elchirincirco
9smila9;3gerardpique
feralbacete;3gerardpique
sbernues;3gerardpique
sbernues;despinar
cundemil;3gerardpique
jorgesurfer;3gerardpique
jose_atletico13;3gerardpique
jose_atletico13;jpedrerol
jose_atletico13;casillasworld
jose_atletico13;3gerardpique
jose_atletico13;elchirincirco
aschile;casillasworld
aschile;3gerardpique
juliio09ronaldo;3gerardpique
sergioartigass7;3gerardpique
oskaarcm;3gerardpique
oskaarcm;hoyendeportes4
rauldba;3gerardpique
antoniorhdez1;3gerardpique
alexrojas_v;3gerardpique
leslyibarra00;3gerardpique
leslyibarra00;hherreramex
leslyibarra00;chuycorona25
leslyibarra00;miguel_layun
leslyibarra00;casillasworld
leslyibarra00;raoulortiz_td
raoulortiz_td;hherreramex
mcyass;hherreramex
raoulortiz_td;3gerardpique
raoulortiz_td;chuycorona25
raoulortiz_td;miguel_layun
raoulortiz_td;casillasworld
mcyass;raoulortiz_td
mcyass;3gerardpique
mcyass;chuycorona25
mcyass;miguel_layun
mcyass;casillasworld
onlybara1;casillasworld
onlybara1;3gerardpique
onlybara1;vpalacios__
46ana10;3gerardpique
46ana10;3gerardpique
moontse_garcia;3gerardpique
moontse_garcia;casillasworld
moontse_garcia;3gerardpique
moontse_garcia;3gerardpique
frankiedolittle;casillasworld
frankiedolittle;3gerardpique
frankiedolittle;mundodeportivo
uruk1973;3gerardpique
uruk1973;3gerardpique
uruk1973;casillasworld
uruk1973;3gerardpique
sir_elmusty;3gerardpique
sir_elmusty;barcastuff
el_produ;casillasworld
el_produ;3gerardpique
izahidiero;3gerardpique
davidmurield2;jpedrerol
davidmurield2;casillasworld
davidmurield2;3gerardpique
davidmurield2;elchirincirco
castilla6;3gerardpique
castilla6;casillasworld
castilla6;3gerardpique
castilla6;juanmacastano
jguerradh;casillasworld
jguerradh;3gerardpique
ponsicano;3gerardpique
davidfnajarro;3gerardpique
azorinlucia;3gerardpique
philval78;3gerardpique
philval78;champions_total
sylangell;casillasworld
sylangell;3gerardpique
sylangell;mundodeportivo
juanjomaroto5;3gerardpique
barzagirl_;3gerardpique
barzagirl_;casillasworld
barzagirl_;barcastuff
candeli3_;3gerardpique
barcafanmsn;3gerardpique
barcafanmsn;barcastuff
barcafanmsn;3gerardpique
barcafanmsn;casillasworld
barcafanmsn;barcastuff
barcafanmsn;3gerardpique
barcafanmsn;barcastuff
alexxblaugrana;3gerardpique
2112lozzy;3gerardpique
2112lozzy;3gerardpique
2112lozzy;3gerardpique
jtexcno;3gerardpique
pedronolascorc;sientelaroja
pedronolascorc;sefutbol
pedronolascorc;3gerardpique
pedronolascorc;casillasworld
madonnacule;3gerardpique
madonnacule;txikiforero
1997siles;3gerardpique
koeman07;3gerardpique
jose3elkaos;casillasworld
jose3elkaos;3gerardpique
brian_alg5;3gerardpique
ramon_rc7;casillasworld
ramon_rc7;3gerardpique
lale_rg;3gerardpique
lakstack;jpedrerol
lakstack;casillasworld
lakstack;3gerardpique
lakstack;elchirincirco
princebrobb;3gerardpique
malagonpgs;jpedrerol
malagonpgs;casillasworld
malagonpgs;3gerardpique
malagonpgs;elchirincirco
vandal_proud;3gerardpique
vandal_proud;miseleccionmx
vandal_proud;chuycorona25
vandal_proud;miguel_layun
vandal_proud;eukarolyi
virgimir81;3gerardpique
futbolpasion_;3gerardpique
futbolpasion_;hoyendeportes4
jcmulero;casillasworld
jcmulero;3gerardpique
folazo;3gerardpique
claudiapui;casillasworld
claudiapui;3gerardpique
blas91274;3gerardpique
blas91274;3gerardpique
blas91274;txikiforero
ivanpl89;jpedrerol
ivanpl89;casillasworld
ivanpl89;3gerardpique
ivanpl89;elchirincirco
soniagaudioso;3gerardpique
soniagaudioso;despinar
javitruc;3gerardpique
rocisnchez;jpedrerol
rocisnchez;casillasworld
rocisnchez;3gerardpique
rocisnchez;elchirincirco
ak_khalil;3gerardpique
romaricguy;3gerardpique
sarux;3gerardpique
yaguito991;3gerardpique
andres40000;jpedrerol
andres40000;casillasworld
andres40000;3gerardpique
andres40000;elchirincirco
tenmay;3gerardpique
tenmay;despinar
lillosrs;3gerardpique
gaaraluna;aarbeloa17
gaaraluna;3gerardpique
azouzwsw;3gerardpique
realmiracle66;periscopeco
realmiracle66;3gerardpique
dolorsmf;realmiracle66
dolorsmf;periscopeco
dolorsmf;3gerardpique
0srac;3gerardpique
pilar_arjona;3gerardpique
champions_total;3gerardpique
hugovd4;champions_total
hugovd4;3gerardpique
sydneygrah;3gerardpique
sydneygrah;3gerardpique
sydneygrah;3gerardpique
el_fox007;casillasworld
el_fox007;3gerardpique
crazybooy96;casillasworld
crazybooy96;3gerardpique
dennisponfe;3gerardpique
burgal22;3gerardpique
burgal22;txikiforero
antoniomolero13;3gerardpique
antoniomolero13;david_guti
americanis7a;3gerardpique
rutty_8;3gerardpique
rutty_8;txikiforero
rutty_8;jpedrerol
rutty_8;casillasworld
rutty_8;3gerardpique
rutty_8;elchirincirco
rutty_8;3gerardpique
rutty_8;casillasworld
rutty_8;3gerardpique
jc_martinezfer;3gerardpique
jmoscosopina;3gerardpique
marcos_rmcf;marcosjuventino
marcos_rmcf;3gerardpique
jaimete19;3gerardpique
cvv_e;3gerardpique
lozanoll85;casillasworld
lozanoll85;3gerardpique
victordeyvis19;3gerardpique
jaymessi1037;3gerardpique
maikmt55;3gerardpique
daretocarlos;3gerardpique
juanluisgjuan;casillasworld
juanluisgjuan;3gerardpique
fr4nchutean;casillasworld
fr4nchutean;3gerardpique
jmapoita;3gerardpique
kikurimblas;casillasworld
kikurimblas;3gerardpique
pattokaczka;3gerardpique
ale6fcb;3gerardpique
iamcarlosbonnin;3gerardpique
slifer_h;3gerardpique
parejo_moreno;3gerardpique
parejo_moreno;hoyendeportes4
edzox11;3gerardpique
albert_mellado;3gerardpique
iswagboyboy;3gerardpique
anamadrid_01;casillasworld
anamadrid_01;3gerardpique
anamadrid_01;3gerardpique
anamadrid_01;3gerardpique
anamadrid_01;casillasworld
23_sergio_23;3gerardpique
raulete99fm;jpedrerol
raulete99fm;casillasworld
raulete99fm;3gerardpique
raulete99fm;elchirincirco
pablogv94;jpedrerol
pablogv94;casillasworld
pablogv94;3gerardpique
pablogv94;elchirincirco
tonykamelot;3gerardpique
vanesika92;casillasworld
vanesika92;3gerardpique
vanesika92;3gerardpique
kingalbe;3gerardpique
miguelmisterm;3gerardpique
emilioramosb;casillasworld
emilioramosb;3gerardpique
emilioramosb;jpedrerol
emilioramosb;casillasworld
emilioramosb;3gerardpique
emilioramosb;elchirincirco
emilioramosb;3gerardpique
cris98g;3gerardpique
gaitan4488054;3gerardpique
gaitan4488054;3gerardpique
vctrkbzs;3gerardpique
pilaralegre95;casillasworld
pilaralegre95;3gerardpique
pilaralegre95;3gerardpique
da_vanden96;3gerardpique
da_vanden96;3gerardpique
andreaamonroy9;casillasworld
andreaamonroy9;3gerardpique
andreaamonroy9;3gerardpique
jofontanarrosa;3gerardpique
tulipantropical;3gerardpique
tulipantropical;3gerardpique
nauelgordo;3gerardpique
albertbru;3gerardpique
manolodenuevo;3gerardpique
davidmelli78;casillasworld
davidmelli78;3gerardpique
davidmelli78;mundodeportivo
urugabi79;3gerardpique
anibal_als;3gerardpique
compoint007;3gerardpique
compoint007;casillasworld
compoint007;barcastuff
pdeportivoverin;3gerardpique
wallyvia;pdeportivoverin
wallyvia;3gerardpique
ga2rafael;3gerardpique
manuel_parra14;3gerardpique
manuel_parra14;casillasworld
manuel_parra14;3gerardpique
manuel_parra14;3gerardpique
inmarosarosa;3gerardpique
inmarosarosa;abc_deportes
ggv99;3gerardpique
litovarela;casillasworld
litovarela;3gerardpique
eksel7;3gerardpique
justinsaurio;casillasworld
justinsaurio;3gerardpique
justinsaurio;mundodeportivo
justinsaurio;3gerardpique
justinsaurio;3gerardpique
omersafdarali;3gerardpique
omersafdarali;barcastuff
omersafdarali;3gerardpique
omersafdarali;casillasworld
omersafdarali;barcastuff
omersafdarali;3gerardpique
omersafdarali;barcastuff
txikiforero;3gerardpique
nellungue35;txikiforero
nellungue35;3gerardpique
nabilmr7;3gerardpique
ahhmyselly;3gerardpique
forteseric;3gerardpique
forteseric;3gerardpique
mendozanavarro;3gerardpique
svaldres;3gerardpique
1417_saud;3gerardpique
nelsonalv97;3gerardpique
eberaddidas;3gerardpique
fernand_soler;3gerardpique
fernand_soler;miseleccionmx
fernand_soler;chuycorona25
fernand_soler;miguel_layun
fernand_soler;eukarolyi
alexanderrostro;3gerardpique
artiagapierre;3gerardpique
maitechu26;casillasworld
maitechu26;3gerardpique
jodidismo;3gerardpique
viqueira89;3gerardpique
ojolocovictor;jpedrerol
ojolocovictor;casillasworld
ojolocovictor;3gerardpique
ojolocovictor;elchirincirco
regaltyt;3gerardpique
andresmurilloh;3gerardpique
ev3non;casillasworld
ev3non;3gerardpique
ev3non;vpalacios__
stepha_montero;3gerardpique
nacgonzalez93;3gerardpique
agustnleal1;3gerardpique
jbbsfc;3gerardpique
jbbsfc;3gerardpique
gerardogomz;3gerardpique
asieransa;3gerardpique
asieransa;hoyendeportes4
looking4limits;3gerardpique
silroep;casillasworld
silroep;3gerardpique
pepvergeli;carlesordiales
pepvergeli;roibravo
damialarena;alexiscubo75
pepvergeli;alexiscubo75
pepvergeli;alexiscubo75
damialarena;3gerardpique
damialarena;pepvergeli
pepvergeli;damialarena
pepvergeli;3gerardpique
pepvergeli;3gerardpique
pepvergeli;3gerardpique
pepvergeli;3gerardpique
roquesoloeste;3gerardpique
roquesoloeste;casillasworld
meradavid1;3gerardpique
meradavid1;hoyendeportes4
jorgerkt;3gerardpique
ireneplatero26;3gerardpique
adrianito02;jpedrerol
adrianito02;casillasworld
adrianito02;3gerardpique
adrianito02;elchirincirco
josepenya10;3gerardpique
manolitum;3gerardpique
jacobochoren;jpedrerol
jacobochoren;casillasworld
jacobochoren;3gerardpique
jacobochoren;elchirincirco
sabitas11;3gerardpique
sabitas11;3gerardpique
sergio__1097;3gerardpique
barmedahley;3gerardpique
barmedahley;casillasworld
barmedahley;barcastuff
gersonestrada1;3gerardpique
antonio18788519;3gerardpique
antonio18788519;hoyendeportes4
maxfernan;3gerardpique
maxfernan;3gerardpique
fuckinyears;3gerardpique
alvaro_tallon;3gerardpique
marinnabm;3gerardpique
adrianleal_;3gerardpique
soyjosecarloss;3gerardpique
soyjosecarloss;casillasworld
soyjosecarloss;3gerardpique
soyjosecarloss;3gerardpique
soyjosecarloss;jpedrerol
soyjosecarloss;casillasworld
soyjosecarloss;3gerardpique
soyjosecarloss;elchirincirco
bonamusajan;3gerardpique
carmen10simon;casillasworld
carmen10simon;3gerardpique
carmen10simon;3gerardpique
bonavida12;3gerardpique
bonavida12;colmenero
puigmal88;3gerardpique
jonathaanpi;3gerardpique
0708thefather;3gerardpique
0708thefather;3gerardpique
0708thefather;3gerardpique
alexm237;3gerardpique
estoyakiok;jpedrerol
estoyakiok;casillasworld
estoyakiok;3gerardpique
estoyakiok;elchirincirco
alexcornejo07;3gerardpique
eduardbcnx;3gerardpique
davcham;3gerardpique
alexandraruiz3;jpedrerol
alexandraruiz3;casillasworld
alexandraruiz3;3gerardpique
alexandraruiz3;elchirincirco
alexandraruiz3;casillasworld
alexandraruiz3;3gerardpique
alexandraruiz3;elchirincirco
xxroxx;3gerardpique
jluis_cruz;3gerardpique
borja_ce_14;3gerardpique
ospinosa;3gerardpique
dddnineteen;3gerardpique
_lennyleonard_;3gerardpique
_lennyleonard_;marca
rodrisimon10;3gerardpique
marcoslopezfoto;3gerardpique
javcifuentess;3gerardpique
javcifuentess;3gerardpique
ll_pero;3gerardpique
dvd301087;3gerardpique
aitt7;casillasworld
aitt7;3gerardpique
lssequi;3gerardpique
pablosangrador1;casillasworld__
pablosangrador1;3gerardpique
salmaluz;3gerardpique
chemydiaz81;3gerardpique
moradhannou;3gerardpique
birloche;3gerardpique
robertarrimada1;casillasworld
robertarrimada1;3gerardpique
robertarrimada1;3gerardpique
xerryroura101;3gerardpique
xerryroura101;3gerardpique
felixmrodrigo;3gerardpique
lolill0;3gerardpique
arry_nan;sergioramos
arry_nan;3gerardpique
albertgramm;3gerardpique
daenaerys;3gerardpique
daenaerys;3gerardpique
isidorogb;casillasworld
isidorogb;3gerardpique
isidorogb;juanmacastano
nel91al;3gerardpique
mariquillasr;3gerardpique
antoniomzorro;3gerardpique
danielg76797978;3gerardpique
hurtjord1;3gerardpique
cosmehernandez6;3gerardpique
cosmehernandez6;3gerardpique
pickssteven;3gerardpique
dominicanocule;jpedrerol
dominicanocule;casillasworld
dominicanocule;3gerardpique
dominicanocule;elchirincirco
mini_costa6;3gerardpique
lapusdelpope;jpedrerol
lapusdelpope;casillasworld
lapusdelpope;3gerardpique
lapusdelpope;elchirincirco
manudb_;3gerardpique
manudb_;hoyendeportes4
manudb_;3gerardpique
sabrinaftilasai;3gerardpique
sabrinaftilasai;3gerardpique
sabrinaftilasai;hoyendeportes4
97boots;3gerardpique
raulpereiraq;3gerardpique
rafabeviaa;3gerardpique
pablo10hcf;rafabeviaa
pablo10hcf;3gerardpique
martii4andres;casillasworld
martii4andres;3gerardpique
luegotelomiro;casillasworld
luegotelomiro;3gerardpique
smilealways00_;3gerardpique
smilealways00_;jpedrerol
smilealways00_;casillasworld
smilealways00_;3gerardpique
smilealways00_;elchirincirco
ikercasillas1g;3gerardpique
celinebomer;3gerardpique
srgio_4r;3gerardpique
pablosobrado7;casillasworld
pablosobrado7;3gerardpique
guiller199917;3gerardpique
guiller199917;carlosparrilla1
al3xk6;3gerardpique
lamalaya;3gerardpique
cule_of_barca;3gerardpique
cule_of_barca;3gerardpique
cule_of_barca;3gerardpique
frandarko;casillasworld
frandarko;3gerardpique
frandarko;juanmacastano
jesus_pgr;3gerardpique
jesus_pgr;oierfano
guillermoredon6;3gerardpique
mario_ye;casillasworld
mario_ye;3gerardpique
alinaa1407_;mario_ye
alinaa1407_;casillasworld
alinaa1407_;3gerardpique
oierfano;3gerardpique
oierfano;3gerardpique
nutridepor;oierfano
nutridepor;3gerardpique
esaul1sanchez;3gerardpique
esaul1sanchez;barcastuff
esaul1sanchez;3gerardpique
esaul1sanchez;3gerardpique
esaul1sanchez;3gerardpique
esaul1sanchez;casillasworld
esaul1sanchez;3gerardpique
esaul1sanchez;3gerardpique
esaul1sanchez;3gerardpique
esaul1sanchez;casillasworld
esaul1sanchez;barcastuff
esaul1sanchez;3gerardpique
esaul1sanchez;barcastuff
nanocr_91;3gerardpique
purrunga22;3gerardpique
eukarolyi;miseleccionmx
iluisgoal;miseleccionmx
eukarolyi;chuycorona25
iluisgoal;chuycorona25
eukarolyi;miguel_layun
iluisgoal;miguel_layun
eukarolyi;3gerardpique
eukarolyi;3gerardpique
iluisgoal;eukarolyi
iluisgoal;3gerardpique
albertoorber;3gerardpique
manuparra10;3gerardpique
teffa_dt;casillasworld
teffa_dt;3gerardpique
lindevelasco;casillasworld
lindevelasco;3gerardpique
uriii_7;3gerardpique
araceelinjr;3gerardpique
ramziezz;3gerardpique
ramziezz;3gerardpique
esteban46;3gerardpique
sergiten;3gerardpique
paisatletico;3gerardpique
joansbedoya;3gerardpique
joansbedoya;casillasworld
joansbedoya;3gerardpique
joansbedoya;3gerardpique
inigoramirezesc;3gerardpique
angelespastor_m;3gerardpique
jenni__vargas;3gerardpique
viviana11775339;3gerardpique
btorralbo;jpedrerol
btorralbo;casillasworld
btorralbo;3gerardpique
btorralbo;elchirincirco
btorralbo;casillasworld
btorralbo;3gerardpique
xirin32;3gerardpique
barcelonitisfcb;casillasworld
barcelonitisfcb;3gerardpique
barcelonitisfcb;vpalacios__
jjmartin991;3gerardpique
danicule86;3gerardpique
josedbftwitt;3gerardpique
sebastian_soy2;3gerardpique
jcmarco1982;casillasworld
jcmarco1982;3gerardpique
jairvazquez01;3gerardpique
sergiogcia94;3gerardpique
linastinsonmars;3gerardpique
yusefambrosk;3gerardpique
ivan28_07_12;jpedrerol
ivan28_07_12;casillasworld
ivan28_07_12;3gerardpique
ivan28_07_12;elchirincirco
davilaisr;3gerardpique
alexnavarro_7;casillasworld
alexnavarro_7;3gerardpique
berlestenhe;3gerardpique
berlestenhe;as_tomasroncero
jorge_veigavm;3gerardpique
alecarballo1;3gerardpique
eric_294;3gerardpique
luislcs3;3gerardpique
espndeportes;3gerardpique
urlanga;jpedrerol
urlanga;casillasworld
urlanga;3gerardpique
urlanga;elchirincirco
ssergicule;3gerardpique
irenina_mf;3gerardpique
denniz0805;3gerardpique
denniz0805;casillasworld
denniz0805;3gerardpique
luisapberna;tablero_rne
luisapberna;germa_garcia
luisapberna;casillasworld
luisapberna;3gerardpique
xavi_arciga;3gerardpique
kingdidak;3gerardpique
bua_roi;jpedrerol
bua_roi;casillasworld
bua_roi;3gerardpique
bua_roi;elchirincirco
esperanza1612;casillasworld
esperanza1612;3gerardpique
sebazamora7;3gerardpique
javierteruel78;jpedrerol
javierteruel78;casillasworld
javierteruel78;3gerardpique
javierteruel78;elchirincirco
oskar1825;3gerardpique
erick030201;3gerardpique
erick030201;3gerardpique
erick030201;3gerardpique
erick030201;casillasworld
erick030201;3gerardpique
erick030201;3gerardpique
irenebostoncule;3gerardpique
miryamcod10;casillasworld
miryamcod10;3gerardpique
lolo_pro20;3gerardpique
xgime12;3gerardpique
v_gonzalvez;3gerardpique
v_gonzalvez;hoyendeportes4
mrpf14;alex_kaiser4
alex_kaiser4;3gerardpique
alex_kaiser4;mrpf14
cmonnl;alex_kaiser4
mrpf14;3gerardpique
cmonnl;mrpf14
cmonnl;3gerardpique
rodricampo18;3gerardpique
jacintoafonso90;3gerardpique
nitoguz;casillasworld
nitoguz;3gerardpique
nitoguz;juanmacastano
marta15love;casillasworld
marta15love;3gerardpique
asiersastre10;3gerardpique
natty_dread84;3gerardpique
bea911020;3gerardpique
guardameta25;3gerardpique
cunaodelfutbol;3gerardpique
cunaodelfutbol;as_tomasroncero
21_borja_21;3gerardpique
daisieslikerain;3gerardpique
jordiescala;3gerardpique
anton_celta6;jpedrerol
anton_celta6;casillasworld
anton_celta6;3gerardpique
anton_celta6;elchirincirco
krisysonia01;3gerardpique
salmantino33;3gerardpique
kevinpersonat98;jpedrerol
kevinpersonat98;casillasworld
kevinpersonat98;3gerardpique
kevinpersonat98;elchirincirco
manoletepr;3gerardpique
cristian_atm19;3gerardpique
cristian_atm19;as_tomasroncero
fercit05;3gerardpique
alex_alonsista;3gerardpique
alex_alonsista;as_tomasroncero
danybelmonte01;3gerardpique
danybelmonte01;as_tomasroncero
despinar;3gerardpique
pdomeque;despinar
pdomeque;3gerardpique
danjimar098;colmenero
danjimar098;3gerardpique
maariina19;casillasworld
maariina19;3gerardpique
roberxinzo75;3gerardpique
naisyop79;andrearibera01
naisyop79;3gerardpique
luisesss;3gerardpique
luisesss;as_tomasroncero
lebroff;3gerardpique
lebroff;as_tomasroncero
adri14_elfari;3gerardpique
adri14_elfari;hoyendeportes4
ysko14;3gerardpique
ysko14;as_tomasroncero
ayrtongomez1;3gerardpique
ayrtongomez1;casillasworld
ayrtongomez1;3gerardpique
nexo_fcb;3gerardpique
nexo_fcb;as_tomasroncero
stonergorria;3gerardpique
stonergorria;as_tomasroncero
pabloromo_7;3gerardpique
pabloromo_7;as_tomasroncero
dani_la16;3gerardpique
rojiblanco1984;3gerardpique
rojiblanco1984;hoyendeportes4
onceaknicknba;3gerardpique
onceaknicknba;as_tomasroncero
maritxa_;3gerardpique
martin26raul;3gerardpique
fercopyright;3gerardpique
daniescribano27;3gerardpique
daniescribano27;as_tomasroncero
atleticodavid;3gerardpique
atleticodavid;3gerardpique
futbolfan1978;3gerardpique
futbolfan1978;as_tomasroncero
azpilicuetismo;3gerardpique
azpilicuetismo;as_tomasroncero
marcyanez14;3gerardpique
marcyanez14;as_tomasroncero
enzo_sgaravatti;3gerardpique
69kuko;3gerardpique
69kuko;abc_deportes
69kuko;3gerardpique
gerardb96;3gerardpique
gerardb96;as_tomasroncero
mabelpastel;3gerardpique
mabelpastel;3gerardpique
manudelreal;sergioramos
manudelreal;sefutbol
manudelreal;casillasworld
manudelreal;3gerardpique
aldozunigaa;3gerardpique
jonygg80;3gerardpique
jonygg80;as_tomasroncero
rodrii12_;3gerardpique
rodrii12_;as_tomasroncero
barcelonistatop;3gerardpique
marianacastane;3gerardpique
laurettaongaro;3gerardpique
laurettaongaro;3gerardpique
peraltacarmelo;3gerardpique
munoz_robe;casillasworld
munoz_robe;3gerardpique
rouletteruleta;abc_deportes
rouletteruleta;3gerardpique
tiiti_nikander;3gerardpique
mimounboutaybi;3gerardpique
mimounboutaybi;as_tomasroncero
ismanastic;3gerardpique
ismanastic;as_tomasroncero
alejandrodiaz_9;3gerardpique
sempre1899;3gerardpique
sempre1899;as_tomasroncero
juanito91el;3gerardpique
juanito91el;as_tomasroncero
alechelini;3gerardpique
alechelini;as_tomasroncero
querol93;3gerardpique
querol93;as_tomasroncero
apubbb123;3gerardpique
apubbb123;as_tomasroncero
jjta_18;3gerardpique
erika93_;3gerardpique
tedillete;3gerardpique
tedillete;as_tomasroncero
juanjo96lpez;jpedrerol
juanjo96lpez;casillasworld
juanjo96lpez;3gerardpique
juanjo96lpez;elchirincirco
danigonza45;3gerardpique
danigonza45;as_tomasroncero
raulinhoarias;3gerardpique
raulinhoarias;as_tomasroncero
cgc_spain;marca
cgc_spain;3gerardpique
derriba_ii;jpedrerol
derriba_ii;casillasworld
derriba_ii;3gerardpique
derriba_ii;elchirincirco
derriba_ii;3gerardpique
derriba_ii;doctorcule
derriba_ii;3gerardpique
derriba_ii;as_tomasroncero
derriba_ii;elsimiolopez
milton10matus;3gerardpique
milton10matus;as_tomasroncero
milton10matus;elsimiolopez
tontapias;3gerardpique
tontapias;as_tomasroncero
tontapias;elsimiolopez
rjr_1978;3gerardpique
ipuente16;3gerardpique
ipuente16;as_tomasroncero
ipuente16;elsimiolopez
messid10sss;jpedrerol
messid10sss;casillasworld
messid10sss;3gerardpique
messid10sss;elchirincirco
messid10sss;3gerardpique
messid10sss;as_tomasroncero
messid10sss;elsimiolopez
futdtoke;3gerardpique
futdtoke;as_tomasroncero
futdtoke;elsimiolopez
oscar07atleti;3gerardpique
oscar07atleti;as_tomasroncero
oscar07atleti;elsimiolopez
asier56571185;3gerardpique
asier56571185;as_tomasroncero
asier56571185;elsimiolopez
jaimecule3;3gerardpique
jaimecule3;as_tomasroncero
jaimecule3;elsimiolopez
sanchezalvaro26;3gerardpique
mauroiurato16;jpedrerol
mauroiurato16;casillasworld
mauroiurato16;3gerardpique
mauroiurato16;elchirincirco
mauroiurato16;3gerardpique
mauroiurato16;as_tomasroncero
mauroiurato16;elsimiolopez
manuelmsr;3gerardpique
manuelmsr;as_tomasroncero
manuelmsr;elsimiolopez
danslo14;jpedrerol
danslo14;casillasworld
danslo14;3gerardpique
danslo14;elchirincirco
laneskadel10;3gerardpique
laneskadel10;as_tomasroncero
laneskadel10;elsimiolopez
nachmg;casillasworld
nachmg;3gerardpique
nachmg;juanmacastano
manolitm;3gerardpique
manolitm;as_tomasroncero
manolitm;elsimiolopez
brianba23;3gerardpique
brianba23;as_tomasroncero
brianba23;elsimiolopez
nicofarco10;3gerardpique
nicofarco10;as_tomasroncero
nicofarco10;elsimiolopez
itsyeid;doctorcule
itsyeid;3gerardpique
kinglamar19;3gerardpique
kinglamar19;as_tomasroncero
kinglamar19;elsimiolopez
anaiscaballero1;3gerardpique
anaiscaballero1;as_tomasroncero
anaiscaballero1;elsimiolopez
escofu;3gerardpique
escofu;as_tomasroncero
escofu;elsimiolopez
maginator24;3gerardpique
maginator24;as_tomasroncero
maginator24;elsimiolopez
marco_mcy;3gerardpique
marco_mcy;as_tomasroncero
marco_mcy;elsimiolopez
zinedinelazar;3gerardpique
zinedinelazar;as_tomasroncero
zinedinelazar;elsimiolopez
carlosramajo_;jpedrerol
carlosramajo_;casillasworld
carlosramajo_;3gerardpique
carlosramajo_;elchirincirco
sextetecule;3gerardpique
sextetecule;as_tomasroncero
sextetecule;elsimiolopez
yelyahdrian;3gerardpique
jaacoga;3gerardpique
jaacoga;as_tomasroncero
jaacoga;elsimiolopez
jcarl020778;3gerardpique
jcarl020778;as_tomasroncero
jcarl020778;elsimiolopez
nicoalcoy777;3gerardpique
nicoalcoy777;as_tomasroncero
nicoalcoy777;elsimiolopez
imtc87;3gerardpique
cronicascond10s;3gerardpique
t_blazquez;3gerardpique
jose_duncker;3gerardpique
jose_duncker;as_tomasroncero
rafiqui98;3gerardpique
rafiqui98;as_tomasroncero
rafiqui98;elsimiolopez
ralealcazar;3gerardpique
ralealcazar;as_tomasroncero
nexckor;3gerardpique
marckotri;3gerardpique
marckotri;as_tomasroncero
marckotri;elsimiolopez
andresiko84;3gerardpique
gualtitoburlao;3gerardpique
miguelaxlk;3gerardpique
barcepab;3gerardpique
barcepab;3gerardpique
barcepab;casillasworld
barcepab;3gerardpique
barcepab;3gerardpique
triciavzla;losaanpa
triciavzla;3gerardpique
txelleta12;3gerardpique
txelleta12;as_tomasroncero
txelleta12;elsimiolopez
luigi191209;3gerardpique
luigi191209;as_tomasroncero
luigi191209;elsimiolopez
makix30;3gerardpique
makix30;as_tomasroncero
makix30;elsimiolopez
josearflo;3gerardpique
josearflo;as_tomasroncero
josearflo;elsimiolopez
paichonfcb;3gerardpique
paichonfcb;as_tomasroncero
paichonfcb;elsimiolopez
showconoloa;3gerardpique
showconoloa;as_tomasroncero
milenio1996;futbiados
neymarleosuarez;futbiados
milenio1996;3gerardpique
neymarleosuarez;milenio1996
neymarleosuarez;3gerardpique
juanfrahueso;3gerardpique
juanfrahueso;as_tomasroncero
juanfrahueso;elsimiolopez
mccarran2007;3gerardpique
mccarran2007;as_tomasroncero
mccarran2007;elsimiolopez
ah_alerta;3gerardpique
ah_alerta;as_tomasroncero
ah_alerta;elsimiolopez
tellez750;3gerardpique
tellez750;hoyendeportes4
marianr23;3gerardpique
marianr23;casillasworld
marianr23;3gerardpique
marianr23;3gerardpique
marianr23;marcbartra
marianr23;sergiroberto10
marianr23;jordialba
marianr23;3gerardpique
marianr23;3gerardpique
marianr23;3gerardpique
marianr23;3gerardpique
marianr23;3gerardpique
abdul_ay32;3gerardpique
abdul_ay32;casillasworld
abdul_ay32;barcastuff
simonaaa2000;3gerardpique
simonaaa2000;casillasworld
simonaaa2000;3gerardpique
simonaaa2000;3gerardpique
simonaaa2000;3gerardpique
simonaaa2000;3gerardpique
diegoarmesto10;3gerardpique
diegoarmesto10;as_tomasroncero
diegoarmesto10;elsimiolopez
giovannimusic;3gerardpique
miguelmaroto_;cesc4official
miguelmaroto_;casillasworld
miguelmaroto_;3gerardpique
borishndez;3gerardpique
borishndez;as_tomasroncero
borishndez;elsimiolopez
sergioosoriofdr;3gerardpique
sergioosoriofdr;as_tomasroncero
sergioosoriofdr;elsimiolopez
geraldinoop;3gerardpique
geraldinoop;as_tomasroncero
geraldinoop;elsimiolopez
fofoyberber;3gerardpique
fofoyberber;as_tomasroncero
fofoyberber;elsimiolopez
jorditenerife95;jpedrerol
jorditenerife95;casillasworld
jorditenerife95;3gerardpique
jorditenerife95;elchirincirco
jorditenerife95;3gerardpique
jorditenerife95;as_tomasroncero
jorditenerife95;3gerardpique
jorditenerife95;as_tomasroncero
angel92fs;jorditenerife95
angel92fs;3gerardpique
angel92fs;as_tomasroncero
turbobarca;3gerardpique
turbobarca;as_tomasroncero
turbobarca;elsimiolopez
pauliithaa15_;3gerardpique
danielboza26;3gerardpique
simartaaa;3gerardpique
chemarceav;seleccionesp
chemarceav;eldiariodedross
chemarceav;3gerardpique
diego_martinez8;3gerardpique
diego_martinez8;as_tomasroncero
diego_martinez8;elsimiolopez
mashfuz1;barcastuff
mashfuz1;3gerardpique
mashfuz1;casillasworld
pacofons3;3gerardpique
pacofons3;siempredelrmcf
foloxin19;3gerardpique
foloxin19;as_tomasroncero
foloxin19;elsimiolopez
chepi_10;3gerardpique
luismi_ibape;3gerardpique
luismi_ibape;as_tomasroncero
luismi_ibape;elsimiolopez
fcbcinthia;3gerardpique
fcbcinthia;as_tomasroncero
fcbcinthia;elsimiolopez
embrix19;3gerardpique
sisq1991;3gerardpique
sisq1991;as_tomasroncero
sisq1991;elsimiolopez
mariacortez_;casillasworld
mariacortez_;3gerardpique
joanrancel;3gerardpique
joanrancel;as_tomasroncero
joanrancel;elsimiolopez
daniela_arocha7;3gerardpique
ajaxanna;3gerardpique
ajaxanna;as_tomasroncero
ajaxanna;elsimiolopez
alvarodb49;3gerardpique
alvarodb49;3gerardpique
ismael019;3gerardpique
ismael019;as_tomasroncero
ismael019;elsimiolopez
vbellonperez;3gerardpique
vbellonperez;as_tomasroncero
vbellonperez;elsimiolopez
stevee_dee_vee;3gerardpique
cesaecsar;3gerardpique
cesaecsar;as_tomasroncero
cesaecsar;elsimiolopez
alexcasal10;3gerardpique
alexcasal10;as_tomasroncero
alexcasal10;elsimiolopez
salvamompo;jpedrerol
salvamompo;casillasworld
salvamompo;3gerardpique
salvamompo;elchirincirco
atahp;3gerardpique
atahp;as_tomasroncero
atahp;elsimiolopez
clas_86;3gerardpique
clas_86;as_tomasroncero
fer8autentico;3gerardpique
fer8autentico;as_tomasroncero
fer8autentico;elsimiolopez
panama6715;casillasworld
panama6715;3gerardpique
h34v3n87vlc;3gerardpique
h34v3n87vlc;as_tomasroncero
h34v3n87vlc;elsimiolopez
ameixida;3gerardpique
ameixida;as_tomasroncero
ameixida;elsimiolopez
cescsb66;3gerardpique
cescsb66;as_tomasroncero
cescsb66;elsimiolopez
fabi_30_2002;3gerardpique
santicas99fcb;3gerardpique
santicas99fcb;as_tomasroncero
santicas99fcb;elsimiolopez
mpiriz77;3gerardpique
mpiriz77;as_tomasroncero
mpiriz77;elsimiolopez
ondacero_es;3gerardpique
ondacero_es;casillasworld
franyako;ondacero_es
franyako;3gerardpique
franyako;3gerardpique
franyako;3gerardpique
franyako;casillasworld
franyako;3gerardpique
franyako;as_tomasroncero
franyako;elsimiolopez
mirnaamr;3gerardpique
solidsnake14085;3gerardpique
solidsnake14085;casillasworld
solidsnake14085;3gerardpique
solidsnake14085;jpedrerol
solidsnake14085;casillasworld
solidsnake14085;3gerardpique
solidsnake14085;elchirincirco
solidsnake14085;3gerardpique
solidsnake14085;as_tomasroncero
solidsnake14085;elsimiolopez
7davidbernal;3gerardpique
7davidbernal;as_tomasroncero
7davidbernal;elsimiolopez
evi_nirmala;casillasworld
evi_nirmala;3gerardpique
pepevilaxoan;3gerardpique
pepevilaxoan;as_tomasroncero
pepevilaxoan;elsimiolopez
gmarroquin02;3gerardpique
gmarroquin02;as_tomasroncero
gmarroquin02;elsimiolopez
jeic69;3gerardpique
jeic69;as_tomasroncero
jeic69;elsimiolopez
cristian000098;3gerardpique
red6info;3gerardpique
adaysitomederos;3gerardpique
antoniamen_10;3gerardpique
antoniamen_10;as_tomasroncero
lac_david;sabeserty
lac_david;3gerardpique
jesusjuarez2009;3gerardpique
jesusjuarez2009;as_tomasroncero
jesusjuarez2009;elsimiolopez
danyelo93;3gerardpique
danyelo93;as_tomasroncero
danyelo93;elsimiolopez
saulk7wa;3gerardpique
xjeso22x;3gerardpique
xjeso22x;as_tomasroncero
xjeso22x;elsimiolopez
68719298;3gerardpique
68719298;as_tomasroncero
68719298;elsimiolopez
tykuondo;3gerardpique
tykuondo;3gerardpique
uripubli;casillasworld
uripubli;3gerardpique
barsanavarro;3gerardpique
barsanavarro;as_tomasroncero
barsanavarro;elsimiolopez
__nazareth;casillasworld
__nazareth;3gerardpique
xinogijon;3gerardpique
xinogijon;as_tomasroncero
xinogijon;elsimiolopez
ramonjvarela;3gerardpique
ramonjvarela;as_tomasroncero
ramonjvarela;elsimiolopez
raspita11;3gerardpique
miguelantoli;casillasworld
miguelantoli;3gerardpique
miguelantoli;juanmacastano
vicentvcf26dp;casillasworld
vicentvcf26dp;3gerardpique
vicentvcf26dp;3gerardpique
ingridfonoll;3gerardpique
ramon__rosell;ingridfonoll
ramon__rosell;3gerardpique
yagovillarnovo;3gerardpique
yagovillarnovo;as_tomasroncero
yagovillarnovo;elsimiolopez
yagovillarnovo;jpedrerol
yagovillarnovo;casillasworld
yagovillarnovo;3gerardpique
yagovillarnovo;elchirincirco
peereej;3gerardpique
sergiatleti;3gerardpique
jpina100;3gerardpique
jpina100;as_tomasroncero
jpina100;elsimiolopez
tinacano63;casillas
tinacano63;ernywb14
tinacano63;3gerardpique
tinacano63;elchirincirco
mc_thai_;3gerardpique
mc_thai_;as_tomasroncero
mc_thai_;elsimiolopez
ainalasauca;3gerardpique
arialro;3gerardpique
m_m_h_6;3gerardpique
90minutosdd;3gerardpique
mrchino89;3gerardpique
mrchino89;as_tomasroncero
mrchino89;elsimiolopez
naw_m9;3gerardpique
periconet;3gerardpique
periconet;as_tomasroncero
esejaviier;3gerardpique
leoalva11;3gerardpique
leoalva11;as_tomasroncero
leoalva11;elsimiolopez
joanpique;3gerardpique
alexpasolirinel;3gerardpique
alexpasolirinel;as_tomasroncero
alexpasolirinel;elsimiolopez
mariastudillana;3gerardpique
jaimenavas98;jpedrerol
jaimenavas98;casillasworld
jaimenavas98;3gerardpique
jaimenavas98;elchirincirco
cpinzonpinzon;3gerardpique
osdi45;3gerardpique
osdi45;as_tomasroncero
osdi45;elsimiolopez
mariaclaracacer;3gerardpique
viesban;3gerardpique
rennyloveraa;3gerardpique
angela_vf_89;3gerardpique
angela_vf_89;as_tomasroncero
angela_vf_89;elsimiolopez
inesgonza98;3gerardpique
inesgonza98;as_tomasroncero
inesgonza98;elsimiolopez
ms_camara21;3gerardpique
ms_camara21;casillasworld
ms_camara21;3gerardpique
luisalberto0409;3gerardpique
shellowalker;3gerardpique
alejom94_;3gerardpique
alexrauher;3gerardpique
alexrauher;as_tomasroncero
kalachodonis;3gerardpique
lolitobelltall;3gerardpique
vanvasten;casillasworld
vanvasten;3gerardpique
vanvasten;3gerardpique
ardevinez;3gerardpique
yaizajimenez4;casillasworld
yaizajimenez4;3gerardpique
_jmgarcia503;3gerardpique
_jmgarcia503;as_tomasroncero
_jmgarcia503;elsimiolopez
fcbamordemivida;3gerardpique
alguarock;3gerardpique
alguarock;as_tomasroncero
alguarock;elsimiolopez
ivm_1727;ikermuniain19
ivm_1727;3gerardpique
marcos_mmb;3gerardpique
manueljife;3gerardpique
ismaelpunk77yt;3gerardpique
ismaelpunk77yt;casillasworld
ismaelpunk77yt;3gerardpique
ismaelpunk77yt;3gerardpique
ismaelpunk77yt;3gerardpique
maxia_antonio;3gerardpique
maxia_antonio;3gerardpique
maxia_antonio;as_tomasroncero
maxia_antonio;elsimiolopez
edusdm;3gerardpique
joaking8;3gerardpique
pearljamero46;rfef
pearljamero46;3gerardpique
fcbgoaldigger;3gerardpique
yas1012;3gerardpique
gomezseijas;3gerardpique
gomezseijas;as_tomasroncero
gomezseijas;elsimiolopez
__lionn;3gerardpique
3marcfuster;3gerardpique
virgiljosue28;3gerardpique
barcelonavalor;jpedrerol
barcelonavalor;casillasworld
barcelonavalor;3gerardpique
barcelonavalor;elchirincirco
alimeshaal77;3gerardpique
mireiavela19;casillasworld
mireiavela19;3gerardpique
mireiavela19;jpedrerol
mireiavela19;casillasworld
mireiavela19;3gerardpique
mireiavela19;elchirincirco
giselaaa18;3gerardpique
martinainstein;3gerardpique
dani_lopillo;3gerardpique
benjaminete;cesc4official
maria1899fcb;cesc4official
benjaminete;casillasworld
benjaminete;3gerardpique
maria1899fcb;benjaminete
maria1899fcb;vpalacios__
maria1899fcb;casillasworld
maria1899fcb;3gerardpique
maria1899fcb;casillasworld
maria1899fcb;3gerardpique
maria1899fcb;3gerardpique
maria1899fcb;as_tomasroncero
maria1899fcb;elsimiolopez
maria1899fcb;jpedrerol
maria1899fcb;casillasworld
maria1899fcb;3gerardpique
maria1899fcb;elchirincirco
iancandado;3gerardpique
fabianesp21;3gerardpique
miguemrn;3gerardpique
rickmarlo;3gerardpique
agusc0ntreras;3gerardpique
neirans;3gerardpique
neirans;as_tomasroncero
neirans;elsimiolopez
alanazul1927;3gerardpique
infantechica;3gerardpique
infantechica;as_tomasroncero
nestorgio_;3gerardpique
davidguor;3gerardpique
yoniese;sergioramos
yoniese;3gerardpique
ismael75203443;gerardpique
jenniferperezpa;3gerardpique
jenniferperezpa;as_tomasroncero
ismael75203443;jenniferperezpa
ismael75203443;3gerardpique
ismael75203443;as_tomasroncero
ismael75203443;3gerardpique
ismael75203443;as_tomasroncero
stalinlr;3gerardpique
hungperman;3gerardpique
chobecolindres;3gerardpique
lucimore21;3gerardpique
chris_wayne11;3gerardpique
huntelaar_kj;jpedrerol
huntelaar_kj;casillasworld
huntelaar_kj;3gerardpique
huntelaar_kj;elchirincirco
gerardmuntsa;sergioramos
gerardmuntsa;3gerardpique
paumond1;3gerardpique
paumond1;as_tomasroncero
paumond1;elsimiolopez
paumond1;3gerardpique
notalebowski;miketyson
notalebowski;3gerardpique
muhammed_sarhan;3gerardpique
barrieta84;3gerardpique
barrieta84;as_tomasroncero
barrieta84;elsimiolopez
chikitikaaaaa;3gerardpique
chikitikaaaaa;as_tomasroncero
chikitikaaaaa;elsimiolopez
juliotelesur;3gerardpique
antoinedeb;3gerardpique
s21yolo;3gerardpique
mrboro12;3gerardpique
majoro77;3gerardpique
shinichixf1;3gerardpique
shinichixf1;as_tomasroncero
meliza6566;casillasworld
meliza6566;3gerardpique
alexbarcala3aro;3gerardpique
alexbarcala3aro;as_tomasroncero
markerte;3gerardpique
oumaigat_;3gerardpique
quiquerjr86;3gerardpique
christanval_17;casillasworld
christanval_17;3gerardpique
adddrian94;3gerardpique
tmcrespifranch;3gerardpique
tmcrespifranch;as_tomasroncero
tmcrespifranch;elsimiolopez
capitanikeric1;3gerardpique
rodryasturiano;3gerardpique
geracule;3gerardpique
geracule;as_tomasroncero
geracule;elsimiolopez
josuumartinez;3gerardpique
raulbcre;3gerardpique
moonlight291208;3gerardpique
jorgearagones14;3gerardpique
daniamengual;xavi_torres
daniamengual;3gerardpique
manuel_086;3gerardpique
javycane;david_guti
javycane;3gerardpique
chrisfcb_;casillasworld
chrisfcb_;3gerardpique
juanlpezanaya;3gerardpique
alelgatoewe;jorgegallardo64
alelgatoewe;rafaeltgr2k
alelgatoewe;3gerardpique
cgjz2;3gerardpique
vilx16;jpedrerol
vilx16;casillasworld
vilx16;3gerardpique
vilx16;elchirincirco
vilx16;3gerardpique
vilx16;as_tomasroncero
vilx16;elsimiolopez
knicklinarense;3gerardpique
knicklinarense;as_tomasroncero
rogerguillemm;3gerardpique
rogerguillemm;as_tomasroncero
rogerguillemm;elsimiolopez
permuy1991;3gerardpique
christiansb1998;3gerardpique
christiansb1998;as_tomasroncero
christiansb1998;elsimiolopez
dzavalacano;3gerardpique
manolorp;casillasworld
manolorp;3gerardpique
asensigabriel;3gerardpique
franmoncadav;3gerardpique
josepmangles;3gerardpique
_maarc03;3gerardpique
boixosfcb;3gerardpique
boixosfcb;as_tomasroncero
boixosfcb;elsimiolopez
tonyespanyol;jpedrerol
tonyespanyol;casillasworld
tonyespanyol;3gerardpique
tonyespanyol;elchirincirco
eduardo256;3gerardpique
bilelcrack10;3gerardpique
bilelcrack10;as_tomasroncero
bilelcrack10;elsimiolopez
silvia8mv;3gerardpique
granadadeporte;3gerardpique
77gerard;3gerardpique
77gerard;as_tomasroncero
josedar303;77gerard
josedar303;3gerardpique
josedar303;as_tomasroncero
andresgbr19;marcbartra
andresgbr19;sergiroberto10
andresgbr19;jordialba
andresgbr19;casillasworld
andresgbr19;3gerardpique
andresgbr19;3gerardpique
andresgbr19;3gerardpique
andresgbr19;3gerardpique
andresgbr19;3gerardpique
andresgbr19;3gerardpique
bernibarreto;3gerardpique
maricruz_20;3gerardpique
magiafilms;lavanguardia
magiafilms;3gerardpique
chemagago90;3gerardpique
chemagago90;as_tomasroncero
vinetubex;3gerardpique
vinetubex;casillasworld
xdaviid26lol;3gerardpique
mmcs1974;3gerardpique
mmcs1974;as_tomasroncero
mmcs1974;elsimiolopez
jairomartinez97;3gerardpique
marcosbermdezgz;3gerardpique
jaaviplaza;3gerardpique
tenchi83;3gerardpique
chechamelgar;3gerardpique
vincecastells;3gerardpique
vincecastells;as_tomasroncero
vincecastells;elsimiolopez
r9nzo;3gerardpique
joelrod72487091;3gerardpique
joelrod72487091;as_tomasroncero
joelrod72487091;elsimiolopez
mikelmats;3gerardpique
erickduran;3gerardpique
alexiolo_;3gerardpique
julimplas;3gerardpique
girl_bad69;3gerardpique
tibied;jpedrerol
tibied;casillasworld
tibied;3gerardpique
tibied;elchirincirco
evo_pedro;3gerardpique
juanjoruba;3gerardpique
qu1roz;3gerardpique
juanant58237409;3gerardpique
danivr25;3gerardpique
danivr25;as_tomasroncero
danivr25;elsimiolopez
donpikero;3gerardpique
donpikero;as_tomasroncero
donpikero;elsimiolopez
bigooscar4;3gerardpique
franivor;3gerardpique
franivor;3gerardpique
franivor;as_tomasroncero
franivor;elsimiolopez
iag81;3gerardpique
iag81;as_tomasroncero
iag81;elsimiolopez
arnau_cots;3gerardpique
arnau_cots;3gerardpique
arnau_cots;3gerardpique
daniel_3399;3gerardpique
daniel_3399;3gerardpique
maryreus_;3gerardpique
maryreus_;3gerardpique
biker_cat;3gerardpique
biker_cat;as_tomasroncero
biker_cat;elsimiolopez
fcbadiction;3gerardpique
marcos_consuelo;3gerardpique
chikidinho;3gerardpique
chikidinho;as_tomasroncero
chikidinho;elsimiolopez
roberg95;3gerardpique
roberg95;as_tomasroncero
roberg95;elsimiolopez
somelbarca100;3gerardpique
dagasanz;juanmacastano
dagasanz;casillasworld
dagasanz;3gerardpique
phiros777;3gerardpique
phiros777;as_tomasroncero
phiros777;elsimiolopez
mateuramonell;3gerardpique
alvarodm8;3gerardpique
joaquincamacho8;3gerardpique
joaquincamacho8;as_tomasroncero
joaquincamacho8;elsimiolopez
oscarbcn11;3gerardpique
oscarbcn11;3gerardpique
oscarbcn11;3gerardpique
oscarbcn11;as_tomasroncero
oscarbcn11;elsimiolopez
ialevargas9;3gerardpique
mohamedalmishal;3gerardpique
albagalindo;casillasworld
albagalindo;3gerardpique
juanrocky10;albagalindo
juanrocky10;casillasworld
juanrocky10;3gerardpique
guillempuig74;3gerardpique
guillempuig74;as_tomasroncero
snt_futbol;jpedrerol
snt_futbol;casillasworld
snt_futbol;3gerardpique
snt_futbol;elchirincirco
mireiahennes;casillasworld
mireiahennes;3gerardpique
obijoan;jpedrerol
obijoan;casillasworld
obijoan;3gerardpique
obijoan;elchirincirco
maneduran35;3gerardpique
maneduran35;as_tomasroncero
maneduran35;elsimiolopez
culemister;3gerardpique
culemister;as_tomasroncero
61pacheco;3gerardpique
61pacheco;as_tomasroncero
61pacheco;elsimiolopez
mar5si;3gerardpique
mar5si;jpedrerol
mar5si;casillasworld
mar5si;3gerardpique
mar5si;elchirincirco
mar5si;3gerardpique
mar5si;as_tomasroncero
jgrvilla;3gerardpique
jgrvilla;as_tomasroncero
jgrvilla;elsimiolopez
luisvalero99;jpedrerol
luisvalero99;casillasworld
luisvalero99;3gerardpique
luisvalero99;elchirincirco
bitches__mad;3gerardpique
bitches__mad;as_tomasroncero
bitches__mad;elsimiolopez
delgao13;3gerardpique
delgao13;3gerardpique
danibenitez_1;3gerardpique
danibenitez_1;hoyendeportes4
don_juliaan;3gerardpique
diegoml7;3gerardpique
elgranmon;3gerardpique
uristrong;3gerardpique
dgcarrasco;3gerardpique
dgcarrasco;as_tomasroncero
dgcarrasco;elsimiolopez
guayabeirho;3gerardpique
titacastellanos;3gerardpique
jamesanmartin;sefutbol
jamesanmartin;3gerardpique
jorcasillas12;casillasworld
jorcasillas12;3gerardpique
jorcasillas12;casillasworld
jorcasillas12;3gerardpique
lanoeomg;elchirincirco
lanoeomg;hoyendeportes4
lanoeomg;jpedrerol
lanoeomg;casillasworld
lanoeomg;3gerardpique
lanoeomg;3gerardpique
lanoeomg;casillasworld
lanoeomg;3gerardpique
lanoeomg;3gerardpique
lanoeomg;3gerardpique
lanoeomg;3gerardpique
lanoeomg;casillasworld
lanoeomg;3gerardpique
lanoeomg;mundodeportivo
segogivilla;3gerardpique
segogivilla;culealcalaino
segogivilla;as_tomasroncero
culealcalaino;segogivilla
culealcalaino;3gerardpique
culealcalaino;casillasworld
culealcalaino;3gerardpique
culealcalaino;as_tomasroncero
culealcalaino;3gerardpique
culealcalaino;as_tomasroncero
anxoalvarez_1;3gerardpique
chekegarmkx;3gerardpique
ostiatronkoo;3gerardpique
ostiatronkoo;as_tomasroncero
ostiatronkoo;elsimiolopez
fcblovesoei;3gerardpique
pedrito_69_;3gerardpique
pedrito_69_;3gerardpique
mundodeportivo;casillasworld
mundodeportivo;3gerardpique
barbaramotaaa;mundodeportivo
barbaramotaaa;casillasworld
barbaramotaaa;3gerardpique
marianang9;3gerardpique
marianang9;casillasworld
humbertoz2013;3gerardpique
humbertoz2013;as_tomasroncero
humbertoz2013;elsimiolopez
bandarakot;3gerardpique
bandarakot;as_tomasroncero
bandarakot;elsimiolopez
itzjohnyt;3gerardpique
robalfer;3gerardpique
arielcuspoca;3gerardpique
manuelcortesmes;defcentral
manuelcortesmes;3gerardpique
andrecoro4;3gerardpique
cocodrom;periscopeco
cocodrom;3gerardpique
angel_caa;3gerardpique
markxrogel;3gerardpique
xavi6figueras;3gerardpique
joanetserra;3gerardpique
agujeritos;jpedrerol
agujeritos;3gerardpique
mariajesus5;3gerardpique
naugit;3gerardpique
naugit;as_tomasroncero
carlos_argente;casillasworld
carlos_argente;3gerardpique
mediavil_3;3gerardpique
mediavil_3;as_tomasroncero
mediavil_3;elsimiolopez
javiyebra89;sergioramos
javiyebra89;3gerardpique
javiyebra89;casillasworld
ericsm99;3gerardpique
ericsm99;as_tomasroncero
ericsm99;elsimiolopez
jose_plagaro;3gerardpique
jose_plagaro;as_tomasroncero
jose_plagaro;elsimiolopez
srneki;3gerardpique
srneki;as_tomasroncero
srneki;elsimiolopez
ricardo_quepasa;3gerardpique
ericvc98;casillasworld
ericvc98;3gerardpique
carles_cabre;3gerardpique
avv3010;carlosparrilla1
avv3010;3gerardpique
edufran24;3gerardpique
anitavaress;fernan_2394
anitavaress;3gerardpique
serramajem;3gerardpique
casalazar714;3gerardpique
fidel_06;aarbeloa17
fidel_06;casillasworld
fidel_06;3gerardpique
poncho24gil;3gerardpique
elsimiolopez;as_tomasroncero
pedrogarcia_85;as_tomasroncero
elsimiolopez;3gerardpique
pedrogarcia_85;elsimiolopez
pedrogarcia_85;3gerardpique
gorkavalverde5;siempredelrmcf
gorkavalverde5;3gerardpique
shianyinatx;3gerardpique
;
;
